dataid,Energy_Audit__c,Duct_Leakage_Evaluation__c,Type__c,Fuel_Type__c,Manufacturer__c,Manufacturer_Other__c,Model__c,Model_Other__c,Manufacturing_Year__c,Location_of_Air_Handler__c,Type_of_Air_Handler__c,Gallons__c,Notes__c,BTUs__c,Seasonal_Energy_Efficiency_Rating__c,Annual_Fuel_Utilization_Efficiency__c,Combustion_Air_Provided__c,Timer_Attached__c,Water_Saving__c,Grill_in_Door__c,Closet_Door_Weatherstripped__c,Voltage__c,Amperage__c,Ice_Water_Dispenser_on_Door__c,Compartment_Configuration__c,Refrigerator_Coils__c,Water_Heater_Setpoint__c
7982,a0RG000000P8BB2MAN,a0SG000000Gecs5MAB,Air Condenser/Compressor,Electric,Carrier,,24ABA430A310,,2007,,,,,30000,14.00,,0,0,0,0,0,240,18.7,0,,,
7982,a0RG000000P8BB2MAN,,Refrigerator,Electric,LG,,LFX25960ST,,2007,,,,,,,,0,0,0,0,0,120,6.2,1,French Doors (Bottom Freezer),Underneath the Unit,
7982,a0RG000000P8BB2MAN,,Oven,Electric,Whirlpool,,GBS307PRS01,,2007,,,,,,,,0,0,0,0,0,240,21.6,0,,,
7982,a0RG000000P8BB2MAN,,Microwave,Electric,Whirlpool,,,GT4175SPS,2007,,,,,,,,0,0,0,0,0,120,13.8,0,,,
7982,a0RG000000P8BB2MAN,,Dishwasher,Electric,Whirlpool,,GU2455XTSS3,,2007,,,,,,,,0,0,0,0,0,120,9.6,0,,,
7982,a0RG000000P8BB2MAN,,Clotheswasher,Electric,LG,,WM2016CW,,2007,,,,,,,,0,0,0,0,0,120,5.0,0,,,
7982,a0RG000000P8BB2MAN,,Dryer,Gas,LG,,DLG2526W,,2007,,,,,,,,0,0,0,0,0,120,5.0,0,,,
7982,a0RG000000P8BB2MAN,,Water Heater,Gas,State Select,,GS650YBRT,,2007,,,50.00,"Gas appliance, no voltage, amperage, or wattage.",40000,,,1,0,0,0,0,,,0,,,120
7982,a0RG000000P8BB2MAN,a0SG000000Gecs5MAB,Furnace/Air Handler,Gas,Carrier,,58STA070-13112,,2007,Attic,Horizontal,,"120V, amperage and wattage not listed on label.",66000,,80.00,0,0,0,0,0,,,0,,,
9654,a0RG000000PosbKMAR,a0SG000000GeuRJMAZ,Air Condenser/Compressor,Electric,Rheem,,,FADC-030JAS,2000,,,,,30000,10.00,,0,0,0,0,0,240,19.0,0,,,
9654,a0RG000000PosbKMAR,a0SG000000GeuRJMAZ,Furnace/Air Handler,Gas,Rheem,,,Criterion,Pre-1993,Closet,Up Flow,,No Furnace or Air Handler Label visible.,,,,0,0,0,0,0,,,0,,,
9654,a0RG000000PosbKMAR,,Range,Gas,Kenmore,,,790.75403500,2005,,,,,,,,0,0,0,0,0,120,15.0,0,,,
9654,a0RG000000PosbKMAR,,Dishwasher,Electric,Kenmore,,,63017303402,2006,,,,,,,,0,0,0,0,0,120,12.0,0,,,
9654,a0RG000000PosbKMAR,,Refrigerator,Electric,Kenmore,,,79576283600,2007,,,,,,,,0,0,0,0,0,120,3.5,0,Freezer on Bottom,Underneath the Unit,
9654,a0RG000000PosbKMAR,,Clotheswasher,Electric,Whirlpool,,,GHW9400PL4,2006,,,,,,,,0,0,0,0,0,120,12.0,0,,,
9654,a0RG000000PosbKMAR,,Dryer,Electric,Whirlpool,,,GEW9250PL1,2006,,,,,,,,0,0,0,0,0,240,24.0,0,,,
9654,a0RG000000PosbKMAR,,Water Heater,Gas,GE,,,GG30T06AVJ00,2006,,,29.00,"Gas appliance, no voltage, amperage, or wattage.",32000,,,1,0,0,0,0,,,0,,,Warm
9932,a0RG000000PowaaMAB,a0SG000000GeveGMAR,Air Condenser/Compressor,Electric,Carrier,,,38TDB04B300,2005,,,,,48000,15.00,,0,0,0,0,0,240,26.0,0,,,
9932,a0RG000000PowaaMAB,,Clotheswasher,Electric,Kenmore,,,79640272900,2010,,,,,,,,0,0,0,0,0,120,10.0,0,,,
9932,a0RG000000PowaaMAB,,Dryer,Gas,Maytag,,,LDG9824AAE,1994,,,,,22000,,,0,0,0,0,0,120,6.0,0,,,
9932,a0RG000000PowaaMAB,,Dishwasher,Electric,Bosch,,,SHU66CO2,Post-1993,,,,Dishwasher from approximately 2012.,,,,0,0,0,0,0,120,11.3,0,,,
9932,a0RG000000PowaaMAB,a0SG000000GeveGMAR,Furnace/Air Handler,Electric,Ruud,,,CNPVP4821ATAABAA,2008,Closet,Up Flow,,120V Air handler/furnace. Label not accessible for furnace.,,,,0,0,0,0,0,,,0,,,
9932,a0RG000000PowaaMAB,,Oven,Electric,GE,,JKP15W0W2WW,,1998,,,,,,,,0,0,0,0,0,240,14.1,0,,,
9932,a0RG000000PowaaMAB,,Refrigerator,Electric,Kenmore,,,10656542400,2004,,,,,,,,0,0,0,0,0,120,6.5,1,Side-by-Side,Behind the Unit,
9932,a0RG000000PowaaMAB,,Microwave,Electric,GE,,,JE1540WW03,1997,,,,,,,,0,0,0,0,0,120,12.5,0,,,
9343,a0RG000000Ppwc4MAB,,Microwave,Electric,GE,,,JVM1740DM1WW,2006,,,,,,,,0,0,0,0,0,120,13.1,,,,
9932,a0RG000000PowaaMAB,,Water Heater,Gas,Rheem,,,SG50T12HVG00,2007,,,50.00,"Gas appliance, no voltage, amperage, or wattage. Label inaccessible.",,,,1,0,0,1,1,,,0,,,Between warm and hot
4957,a0RG000000PpEuAMAV,a0SG000000GeyxQMAR,Air Condenser/Compressor,Electric,Lennox,,,13ACD-048-230-02,2006,,,,,48000,13.00,,0,0,0,0,0,240,25.7,0,,,
4957,a0RG000000PpEuAMAV,a0SG000000GeyyTMAR,Air Condenser/Compressor,Electric,Lennox,,,13ACD-030-230-02,2006,,,,,30000,13.00,,0,0,0,0,0,240,18.7,0,,,
4957,a0RG000000PpEuAMAV,,Clotheswasher,Electric,LG,,,WM3070HRA,2012,,,0.00,,0,,,0,0,0,0,0,120,10.0,0,,,
4957,a0RG000000PpEuAMAV,,Dryer,Electric,LG,,,DLEX3070R,2012,,,0.00,,0,,,0,0,0,0,0,240,26.0,0,,,
4957,a0RG000000PpEuAMAV,,Dishwasher,Electric,Whirlpool,,,GU2455XTSS0,2006,,,,,,,,0,0,0,0,0,120,9.8,,,,
4957,a0RG000000PpEuAMAV,a0SG000000GeyxQMAR,Furnace/Air Handler,Gas,Lennox,,Inaccessible,,2006,Attic,Horizontal,,"120V air handler/gas furnace, label inaccessible",,,,0,0,0,0,0,,,0,,,
4957,a0RG000000PpEuAMAV,a0SG000000GeyyTMAR,Furnace/Air Handler,Gas,Lennox,,,,2006,Attic,Horizontal,,"120V air handler/gas furnace, label inaccessible",,,,0,0,0,0,0,,,0,,,
4957,a0RG000000PpEuAMAV,,Microwave,Electric,Whirlpool,,GT4175SPS-2,,2006,,,,,,,,0,0,0,0,0,120,13.8,0,,,
4957,a0RG000000PpEuAMAV,,Oven,Electric,Whirlpool,,GBS307PRS01,,2006,,,N/A,,N/A,,,0,0,0,0,0,240,33.8,0,,,
4957,a0RG000000PpEuAMAV,,Refrigerator,Electric,KitchenAid,,,KSCS25INSS00,2005,,,,,,,,0,0,0,0,0,120,6.5,1,Side-by-Side,Underneath the Unit,
4957,a0RG000000PpEuAMAV,,Water Heater,Gas,Rheem,,22V40SF1,,2006,,,40.00,"Gas appliance, no voltage or amperage. Setpoint not recorded.",38000,,,1,0,0,0,0,,,0,,,
4957,a0RG000000PpEuAMAV,,Water Heater,Gas,Rheem,,22V40SF1,,2006,,,40.00,"Gas appliance, no voltage or amperage. Setpoint not recorded.",38000,,,1,0,0,0,0,,,0,,,
2470,a0RG000000PpEuFMAV,a0SG000000Gez69MAB,Air Condenser/Compressor,Electric,Carrier,,24ABB430A300,,2008,,,,,30000,14.00,,0,0,0,0,0,240,18.7,0,,,
2470,a0RG000000PpEuFMAV,a0SG000000Gez69MAB,Furnace/Air Handler,Gas,Carrier,,58STA070-13112,,2008,Attic,Horizontal,,"Input capacity 66000 BTUs, output 54000 BTUs. Air Handler CNPHP3017ATAABAA.",66000,,80.00,0,0,0,0,0,120,7.2,0,,,
2470,a0RG000000PpEuFMAV,,Clotheswasher,Electric,Samsung,,,WF220ANWXAA,2010,,,,,,,,0,0,0,0,0,120,10.0,,,,
2470,a0RG000000PpEuFMAV,,Dryer,Electric,Samsung,,,DV220AEWXAA,2010,,,,,,,,0,0,0,0,0,240,22.5,0,,,
2470,a0RG000000PpEuFMAV,,Dishwasher,Electric,Whirlpool,,DU810SWPU3,,2008,,,,,,,,0,0,0,0,0,120,9.0,0,,,
2470,a0RG000000PpEuFMAV,,Microwave,Electric,Whirlpool,,,WMH1162XVS-2,2009,,,,,,,,0,0,0,0,0,120,8.3,0,,,
2470,a0RG000000PpEuFMAV,,Range,Gas,Whirlpool,,,WFG114SVB0,2008,,,,,,,,0,0,0,0,0,120,10.0,0,,,
2470,a0RG000000PpEuFMAV,,Refrigerator,Electric,Maytag,,,MSD2542VES01,2008,,,,,,,,0,0,0,0,0,120,6.5,1,Side-by-Side,Underneath the Unit,
2470,a0RG000000PpEuFMAV,,Water Heater,Gas,State Select,,GS640YBRS,,2008,,,40.00,"Gas appliance, no voltage, amperage, or wattage.",40000,,,1,0,0,0,0,,,0,,,
3192,a0RG000000PpJBrMAN,a0SG000000GezvlMAB,Air Condenser/Compressor,Electric,Carrier,,25HPA536A310,,2009,,,,,36000,15.00,,0,0,0,0,0,240,35.0,,,,
3192,a0RG000000PpJBrMAN,,Clotheswasher,Electric,Kenmore,,,11042922203,,,,,,,,,0,0,0,0,0,,,,,,
3192,a0RG000000PpJBrMAN,,Dryer,Gas,Kenmore,,11092822103,,,,,,,22000,,,0,0,0,0,0,120,6.0,,,,
3192,a0RG000000PpJBrMAN,,Dishwasher,Electric,Bosch,,SHE68MO5UC/53,,,,,,,,,,0,0,0,0,0,120,12.0,,,,
3192,a0RG000000PpJBrMAN,a0SG000000GezvlMAB,Furnace/Air Handler,Electric,Carrier,,FX4CNF036,,2009,Attic,Horizontal,,,,,,0,0,0,0,0,240,60.0,,,,
3192,a0RG000000PpJBrMAN,,Microwave,Electric,Whirlpool,,GT4175SPS-3,,2009,,,,,,,,0,0,0,0,0,120,10.0,0,,,
3192,a0RG000000PpJBrMAN,,Oven,Electric,Whirlpool,,,RBS307PVS00,,,,,,,,,0,0,0,0,0,120,32.5,,,,
3192,a0RG000000PpJBrMAN,,Refrigerator,Electric,Whirlpool,,GC5SHAXVS00,,,,,,,,,,0,0,0,0,0,120,6.5,,,,
3192,a0RG000000PpJBrMAN,,Water Heater,Tankless,Noritz,,N0751MOD,,2008,,,0,,168000,,,0,0,0,0,0,,,0,,,
545,a0RG000000PpXsXMAV,a0SG000000Gf3zjMAB,Air Condenser/Compressor,Electric,Carrier,,24ABA442A320,,,,,,,42000,14.00,,0,0,0,0,0,240,40.0,,,,
545,a0RG000000PpXsXMAV,a0SG000000Gf3zjMAB,Furnace/Air Handler,Gas,Carrier,,,CNPHP6024ALAAAAA,2012,Attic,Horizontal,,,,,,0,0,0,0,0,,,,,,
545,a0RG000000PpXsXMAV,,Refrigerator,Electric,Kenmore,,10676249402,,2006,,,,,,,,0,0,0,0,0,120,6.5,,,,
545,a0RG000000PpXsXMAV,,Dishwasher,Electric,Whirlpool,,GU2455XTSS3,,,,,,,,,,0,0,0,0,0,120,2.7,,,,
545,a0RG000000PpXsXMAV,,Oven,Electric,Whirlpool,,GBS307PRS01,,,,,,,,,,0,0,0,0,0,240,22.0,0,,,
545,a0RG000000PpXsXMAV,,Microwave,Electric,Whirlpool,,GT4175SPS-2,,2007,,,,,,,,0,0,0,0,0,120,10.0,0,,,
545,a0RG000000PpXsXMAV,,Range,Gas,Whirlpool,,,GLS3064RS01,,,,,,,,,0,0,0,0,0,,,,,,
545,a0RG000000PpXsXMAV,,Water Heater,Gas,State Select,,GS650YBRT,,2007,,,50.00,,40000,,,1,1,0,0,0,,,0,,,
545,a0RG000000PpXsXMAV,,Clotheswasher,Electric,GE,,WJRE5500G1WW,,,,,,,,,,0,0,0,0,0,120,10.0,0,,,
545,a0RG000000PpXsXMAV,,Dryer,Gas,Kenmore,,,11078002011,,,,,,20000,,,0,0,0,0,0,120,6.0,,,,
3036,a0RG000000PpXs3MAF,a0SG000000Gf3SvMAJ,Air Condenser/Compressor,Electric,Carrier,,24ABC630A300,,2011,,,,,30000,16.00,,0,0,0,0,0,240,16.8,0,,,
3036,a0RG000000PpXs3MAF,a0SG000000Gf3SvMAJ,Furnace/Air Handler,Electric,Carrier,,,CNPHP3117ATAABAA,2010,Attic,Horizontal,,120V Air handler/furnace. Furnace label inaccessible.,,,,0,0,0,0,0,,,0,,,
3036,a0RG000000PpXs3MAF,,Water Heater,Gas,A. O. Smith,,GVR40300,,2011,,,40.00,Gas appliance - no voltage or wattage.,40000,,,1,0,0,0,0,,,0,,,A
3036,a0RG000000PpXs3MAF,,Refrigerator,Electric,Whirlpool,,,GSS30C6EYY03,2012,,,0.00,,0,,,0,0,0,0,0,120,7.2,1,Side-by-Side,Underneath the Unit,
3036,a0RG000000PpXs3MAF,,Microwave,Electric,GE,,,JVM1750SP1SS,2010,,,0.00,,0,,,0,0,0,0,0,120,13.0,,,,
3036,a0RG000000PpXs3MAF,,Range,Gas,GE,,,CGS985SET1SS,2011,,,0.00,Combination setup - gas range with electric oven.,0,,,0,0,0,0,0,120,15.0,0,,,
3036,a0RG000000PpXs3MAF,,Dishwasher,Electric,GE,,,PDWT480R30SS,2011,,,0.00,,0,,,0,0,0,0,0,120,9.9,,,,
3036,a0RG000000PpXs3MAF,,Clotheswasher,Electric,Samsung,,,WF337AAGXAA,2007,,,0.00,,0,,,0,0,0,0,0,120,10.0,,,,
3036,a0RG000000PpXs3MAF,,Dryer,Electric,Samsung,,,DV337AEGXAA,2007,,,0.00,,0,,,0,0,0,0,0,240,22.5,,,,
2829,a0RG000000PpXsmMAF,a0SG000000Gf3SqMAJ,Air Condenser/Compressor,Electric,American Standard,,7A4030A100A0,,1994,,,,,30000,14.00,,0,0,0,0,0,240,17.0,0,,,
2829,a0RG000000PpXsmMAF,a0SG000000Gf3SqMAJ,Furnace/Air Handler,Gas,American Standard,,Inaccessible,,,Attic,Horizontal,,Outer decal: American Standard Freedom 80. Model label not accessible.,,,,0,0,0,0,0,Inaccessible,,0,,,
2829,a0RG000000PpXsmMAF,,Refrigerator,Electric,Amana,,,BR18VSE,2000,,,,,,,,0,0,0,0,0,120,7.1,0,Freezer on Bottom,Underneath the Unit,
2829,a0RG000000PpXsmMAF,,Dishwasher,Electric,GE,,,GSD3800G00BB,2002,,,,,,,,0,0,0,0,0,120,6.2,0,,,
2829,a0RG000000PpXsmMAF,,Microwave,Electric,Haier,,HMC935SESS,,Post-1993,,,,"120V, label inaccessible.",,,,0,0,0,0,0,,,0,,,
2829,a0RG000000PpXsmMAF,,Oven,Electric,Jenn Air,,,W2451B,1995,,,,,,,,0,0,0,0,0,240,21.3,0,,,
2829,a0RG000000PpXsmMAF,,Dryer,Gas,Kenmore,,,11078332700,2008,,,,,22000,,,0,0,0,0,0,120,6.0,0,,,
2829,a0RG000000PpXsmMAF,,Clotheswasher,Electric,Maytag,,,MVWC300VW1,2010,,,,,,,,0,0,0,0,0,120,10.0,0,,,
2829,a0RG000000PpXsmMAF,,Water Heater,Gas,State Industries,,PRV40NORSO,,1994,,,40.00,"Input 35000 BTU/hr. Gas appliance, no voltage, amperage, or wattage.",35000,,,1,0,0,0,0,,,0,,,Hot
5677,a0RG000000PpXtVMAV,a0SG000000Gf3SlMAJ,Air Condenser/Compressor,Electric,Goodman,,CKQ30-18,,1998,,,,,30000,10.00,,0,0,0,0,0,240,14.5,0,,,
5677,a0RG000000PpXtVMAV,a0SG000000Gf3SlMAJ,Furnace/Air Handler,Gas,Goodman,,GMP075-3,,1998,Attic,Horizontal,,75000 BTU/hr,75000,,80.00,0,0,0,0,0,120,5.2,0,,,
5677,a0RG000000PpXtVMAV,,Refrigerator,Electric,Maytag,,,MSD2272VES01,2010,,,,,,,,0,0,0,0,0,120,6.5,1,Side-by-Side,Underneath the Unit,
5677,a0RG000000PpXtVMAV,,Dishwasher,Electric,Maytag,,,MDBH969AWS1,2010,,,,,,,,0,0,0,0,0,120,9.8,0,,,
5677,a0RG000000PpXtVMAV,,Range,Gas,Maytag,,,MGR7662WS,2010,,,,,,,,0,0,0,0,0,120,10.0,0,,,
5677,a0RG000000PpXtVMAV,,Microwave,Electric,Maytag,,,MMV4203DS00,2010,,,,,,,,0,0,0,0,0,120,14.5,0,,,
5677,a0RG000000PpXtVMAV,,Water Heater,Gas,Bradford White,,,MI40T5LN10,1991,,,40.00,"Input 34000 BTU/hr. Gas appliance, no voltage, amperage, or wattage.",34000,,,1,0,0,0,0,,,0,,,Between warm and hot
5677,a0RG000000PpXtVMAV,,Clotheswasher,Electric,Whirlpool,,,WTW8240YW0,2011,,,,,,,,0,0,0,0,0,120,8.0,0,,,
5677,a0RG000000PpXtVMAV,,Dryer,Gas,Maytag,,,LDG7314AAE,1991,,,,,,,,0,0,0,0,0,120,6.0,0,,,
2953,a0RG000000PpXusMAF,a0SG000000Gf3SbMAJ,Air Condenser/Compressor,Electric,American Standard,,4A7A5030E1000AB,,2012,,,,,30000,16.00,,0,0,0,0,0,240,12.0,0,,,
2953,a0RG000000PpXusMAF,a0SG000000Gf3SbMAJ,Furnace/Air Handler,Gas,American Standard,,AUD1B080A9H31B,,2012,Closet,Up Flow,,"120V, amps and BTUs not found.",,,80.00,0,0,0,1,0,,,0,,,
2953,a0RG000000PpXusMAF,,Water Heater,Gas,A. O. Smith,,GVR40200,,2010,,,40.00,"Gas appliance, no voltage, amperage, or wattage.",40000,,,1,0,0,0,0,,,0,,,A
2953,a0RG000000PpXusMAF,,Microwave,Electric,Samsung,,,SMH9151W,2009,,,,,,,,0,0,0,0,0,120,13.1,0,,,
2953,a0RG000000PpXusMAF,,Range,Gas,Maytag,,,MGR7662WW2,2011,,,,,,,,0,0,0,0,0,120,10.0,0,,,
2953,a0RG000000PpXusMAF,,Dryer,Electric,Maytag,,,DE308,1989,,,,,,,,0,0,0,0,0,240,23.0,0,,,
2953,a0RG000000PpXusMAF,,Clotheswasher,Electric,LG,,,707KWBY00821,2007,,,,,,,,0,0,0,0,0,120,5.0,0,,,
2953,a0RG000000PpXusMAF,,Refrigerator,Electric,Sears,,,25371832104,2002,,,,,,,,0,0,0,0,0,120,4.5,0,Freezer on Top,Underneath the Unit,
6941,a0RG000000PpXuYMAV,a0SG000000Gf69rMAB,Air Condenser/Compressor,Electric,Carrier,,,25HNA624A300,2007,,,,,24000,16.00,,0,0,0,0,0,240,15.9,0,,,
6941,a0RG000000PpXuYMAV,a0SG000000Gf3SgMAJ,Air Condenser/Compressor,Electric,Carrier,,,24ANA148A300,2008,,,,,48000,21.00,,0,0,0,0,0,240,28.7,0,,,
6941,a0RG000000PpXuYMAV,,Water Heater,Tankless,Rheem,,,RTG74XN2,2007,,,0,,199000,,,1,0,0,0,0,120,2.0,0,,,120
6941,a0RG000000PpXuYMAV,,Dishwasher,Electric,Jenn Air,,Inaccessible,,2007,,,,"120V, label not visible",,,,0,0,0,0,0,,,0,,,
6941,a0RG000000PpXuYMAV,,Range,Gas,Jenn Air,,PRG3610NP,,2007,,,,,,,,0,0,0,0,0,120,20.0,0,,,
6941,a0RG000000PpXuYMAV,,Microwave,Electric,Maytag,,,UMC5200BAS,2007,,,,,,,,0,0,0,0,0,120,9.2,,,,
6941,a0RG000000PpXuYMAV,,Refrigerator,Electric,Samsung,,,RM257ABRS,2007,,,,"Four door refrigerator with Fridge, Freezer, Arctic Select, and Fresh Select compartments. Amperage not listed on label.",,,,0,0,0,0,0,120,,1,,Underneath the Unit,
6941,a0RG000000PpXuYMAV,,Clotheswasher,Electric,LG,,,WM2455HW,2008,,,,,,,,0,0,0,0,0,120,10.0,0,,,
6941,a0RG000000PpXuYMAV,,Dryer,Electric,LG,,DLE3733W,,2008,,,,,,,,0,0,0,0,0,240,26.0,0,,,
6941,a0RG000000PpXuYMAV,a0SG000000Gf3SgMAJ,Furnace/Air Handler,Gas,Carrier,,,58CVA090-16,2007,Closet,Up Flow,,,88000,,80.00,0,0,0,0,0,120,9.6,0,,,
6941,a0RG000000PpXuYMAV,a0SG000000Gf69rMAB,Furnace/Air Handler,Electric,Carrier,,,FE4ANF003,2007,Closet,Up Flow,,"Electric furnace, no BTUs or AFUE. HSPF not listed.",,,,0,0,0,0,0,240,5.4,0,,,
4922,a0RG000000PpsVgMAJ,a0SG000000Gf8PaMAJ,Air Condenser/Compressor,Electric,Goodman,,,ASZ160361AC,2007,,,,,36000,16.00,,0,0,0,0,0,240,21.8,0,,,
4922,a0RG000000PpsVgMAJ,,Dishwasher,Electric,Maytag,,,MDBH945AWB,2007,,,,,,,,0,0,0,0,0,120,9.0,0,,,
4922,a0RG000000PpsVgMAJ,,Microwave,Electric,Whirlpool,,,MH2175XSB-2,2007,,,,,,,,0,0,0,0,0,120,8.3,0,,,
4922,a0RG000000PpsVgMAJ,,Range,Gas,Whirlpool,,,SF362LXTB,2007,,,,,,,,0,0,0,0,0,120,10.0,0,,,
4922,a0RG000000PpsVgMAJ,,Refrigerator,Electric,Whirlpool,,,GR2FHMXPB01,2005,,,,,,,,0,0,0,0,0,120,6.5,0,Freezer on Top,Underneath the Unit,
4922,a0RG000000PpsVgMAJ,,Dryer,Electric,Whirlpool,,,LER5636PQ0,2005,,,,,,,,0,0,0,0,0,240,26.0,0,,,
4922,a0RG000000PpsVgMAJ,,Clotheswasher,Electric,Whirlpool,,,LSQ9200PQ0,2005,,,,,,,,0,0,0,0,0,120,10.0,0,,,
4922,a0RG000000PpsVgMAJ,,Water Heater,Tankless,Rheem,,,RHNG0906P000373,2009,,,0,,199900,,,1,0,0,0,0,120,2.0,0,,,120
4922,a0RG000000PpsVgMAJ,a0SG000000Gf8PaMAJ,Furnace/Air Handler,Electric,Goodman,,,AEPF303616BB,2007,Attic,Horizontal,,Capacity 30000-36000 BTU/hr,30000,,100.00,0,0,0,0,0,240,3.1,0,,,
9343,a0RG000000Ppwc4MAB,a0SG000000Gf9CBMAZ,Air Condenser/Compressor,Electric,Goodman,,,CKT36-1B,1996,,,,,36000,13.00,,0,0,0,0,0,240,21.8,0,,,
9343,a0RG000000Ppwc4MAB,a0SG000000Gf9CBMAZ,Furnace/Air Handler,Gas,Goodman,,GMP075-3,,1998,Closet,Up Flow,,,75000,,80.00,0,0,0,0,1,120,5.2,0,,,
9343,a0RG000000Ppwc4MAB,,Water Heater,Tankless,Takagi,,,T-K3,2006,,,0,Setpoint not recorded.,199000,,,0,0,0,0,0,120,3.0,0,,,
9343,a0RG000000Ppwc4MAB,,Dryer,Electric,Kenmore,,,11062912100,2001,,,,,,,,0,0,0,0,0,240,28.0,0,,,
9343,a0RG000000Ppwc4MAB,,Clotheswasher,Electric,,General Electric,,,Post-1993,,,,Label not visible.,,,,0,0,0,0,0,,,0,,,
9343,a0RG000000Ppwc4MAB,,Dishwasher,Electric,Maytag,,,MDB5100AWW,2001,,,,,,,,0,0,0,0,0,120,11.0,0,,,
9343,a0RG000000Ppwc4MAB,,Range,Gas,Kenmore,,,790.78652602,2007,,,,"120V, amperage not listed.",,,,0,0,0,0,0,,,0,,,
9343,a0RG000000Ppwc4MAB,,Refrigerator,Electric,Kenmore,,,10658422700,2007,,,,,,,,0,0,0,0,0,120,6.5,1,Side-by-Side,Underneath the Unit,
7510,a0RG000000PqCfRMAV,a0SG000000GfCVWMA3,Air Condenser/Compressor,Electric,Lennox,,XP1903623005,,2009,,,,,36000,18.00,,0,0,0,0,0,240,23.7,0,,,
7510,a0RG000000PqCfRMAV,a0SG000000GfHGaMAN,Air Condenser/Compressor,Electric,Lennox,,XP1903623005,,2009,,,,,36000,18.00,,0,0,0,0,0,240,23.7,0,,,
7510,a0RG000000PqCfRMAV,a0SG000000GfCVWMA3,Furnace/Air Handler,Electric,Lennox,,CBX27UH042230602,,2009,Attic,Horizontal,,"Electric furnace, no BTUs. HSPF not listed.",0,,,0,0,0,0,0,240,7.6,0,,,
7510,a0RG000000PqCfRMAV,,Microwave,Electric,GE,,,JE1860SH04,2005,,,0.00,,0,,,0,0,0,0,0,120,12.9,,,,
7510,a0RG000000PqCfRMAV,,Oven,Electric,GE,,,JTP25SOH3SS,2005,,,0.00,,0,,,0,0,0,0,0,240,11.3,0,,,
7510,a0RG000000PqCfRMAV,,Dishwasher,Electric,Bosch,,,SHX45P05UC60,2010,,,0.00,,0,,,0,0,0,0,0,120,12.0,0,,,
7510,a0RG000000PqCfRMAV,,Refrigerator,Electric,Whirlpool,,,GS5VHAXWY00,2009,,,0.00,,0,,,0,0,0,0,0,120,6.5,1,Side-by-Side,Underneath the Unit,
7510,a0RG000000PqCfRMAV,,Dryer,Electric,Maytag,,,MED6000XW1,2011,,,0.00,,0,,,0,0,0,0,0,240,24.0,0,,,
7510,a0RG000000PqCfRMAV,,Clotheswasher,Electric,Maytag,,,MHW6000XW2,2011,,,0.00,,0,,,0,0,0,0,0,120,12.0,0,,,
7510,a0RG000000PqCfRMAV,,Water Heater,Electric,A. O. Smith,,,ECT52200,2009,,,50.00,Electric waterheater - no BTUS. Setpoint not accessible.,,,,1,0,0,0,0,240,18.8,0,,,
7510,a0RG000000PqCfRMAV,a0SG000000GfHGaMAN,Furnace/Air Handler,Electric,Lennox,,CBX27UH042230602,,2009,Attic,Horizontal,,"Electric furnace, no BTUs. HSPF not listed.",0,,,0,0,0,0,0,240,7.6,0,,,
7951,a0RG000000QtBkEMAV,a0SG000000GfgdXMAR,Air Condenser/Compressor,Electric,Lennox,,XC14-030-230-03,,2003,,,,,30000,15.00,,0,0,0,0,0,240,15.0,0,,,
7951,a0RG000000QtBkEMAV,a0SG000000GfgYWMAZ,Air Condenser/Compressor,Electric,Ruud,,,UPMC-024JAZ,2005,,,,,24000,10.00,,0,0,0,0,0,240,12.2,0,,,
7951,a0RG000000QtBkEMAV,,Refrigerator,Electric,Whirlpool,,,ED5FHAXVO00,2008,,,,,,,,0,0,0,0,0,120,6.5,1,Side-by-Side,Underneath the Unit,
7951,a0RG000000QtBkEMAV,,Range,Gas,Kenmore,,,362.72621301,2000,,,,,,,,0,0,0,0,0,120,5.0,0,,,
7951,a0RG000000QtBkEMAV,,Microwave,Electric,Kenmore,,,721.62622200,2003,,,,,,,,0,0,0,0,0,120,14.0,,,,
7951,a0RG000000QtBkEMAV,,Clotheswasher,Electric,Maytag,,,MHWZ400TQ01,2008,,,,,,,,0,0,0,0,0,120,10.0,0,,,
7951,a0RG000000QtBkEMAV,,Dryer,Gas,Maytag,,,MEDZ400TQ1,2008,,,,,,,,0,0,0,0,0,120,23.0,0,,,
7951,a0RG000000QtBkEMAV,a0SG000000GfgYWMAZ,Furnace/Air Handler,Gas,Lennox,,SL28OUH070V36A-01,,2010,Closet,Up Flow,,,52800,,80.00,0,0,0,1,0,120,7.7,0,,,
7951,a0RG000000QtBkEMAV,a0SG000000GfgdXMAR,Furnace/Air Handler,Electric,Ruud,,,UBHC-14J11SHH,2003,Attic,Horizontal,,HSPF unknown,,,,0,0,0,0,0,240,44.3,0,,,
7951,a0RG000000QtBkEMAV,,Water Heater,Gas,Kenmore,,,153.339462,2006,,,40,"Gas appliance, no voltage, amperage, or wattage",40000,,,1,0,0,0,0,,,0,,,Between B and C
6730,a0RG000000Qsf9aMAB,a0SG000000GfKAiMAN,Air Condenser/Compressor,Electric,Rheem,,,RAMB-048JBZ,,,,,,46500,12.00,,0,0,0,0,0,240,21.3,,,,
6730,a0RG000000Qsf9aMAB,,Dryer,Electric,LG,,,208KWQW9J892,,,,,,,,,0,0,0,0,0,240,,,,,
6730,a0RG000000Qsf9aMAB,,Clotheswasher,Electric,LG,,,,,,,,,,,,0,0,0,0,0,,,,,,
6730,a0RG000000Qsf9aMAB,,Water Heater,Gas,GE,,,,,,,,,,,,0,0,0,0,0,,,,,,
6730,a0RG000000Qsf9aMAB,,Microwave,Electric,Samsung,,,,,,,,,,,,0,0,0,0,0,120,,,,,
6730,a0RG000000Qsf9aMAB,,Refrigerator,Electric,LG,,,LRSC26923TT,,,,,,,,,0,0,0,0,0,,3.5,,,,
6730,a0RG000000Qsf9aMAB,,Dishwasher,Electric,Bosch,,,SHE55M12UC/64,,,,,,,,,0,0,0,0,0,,12.0,,,,
6730,a0RG000000Qsf9aMAB,,Range,Gas,,Universal,,,,,,,,,,,0,0,0,0,0,,,,,,
6730,a0RG000000Qsf9aMAB,a0SG000000GfKAiMAN,Furnace/Air Handler,Gas,Rheem,,,,,Attic,Horizontal,,,,,,0,0,0,0,0,120,,,,,
2242,a0RG000000QtYPcMAN,a0SG000000GgNiIMAV,Air Condenser/Compressor,Electric,Carrier,,,24ACB648A300,2009,,,,,48000,16.00,,0,0,0,0,0,240,27.8,0,,,
2242,a0RG000000QtYPcMAN,a0SG000000GgNiNMAV,Air Condenser/Compressor,Electric,Carrier,,24ABC630A300,,2011,,,,,30000,16.00,,0,0,0,0,0,240,16.8,0,,,
2242,a0RG000000QtYPcMAN,,Dryer,Electric,Kenmore,,,11069622800,2000,,,,,,,,0,0,0,0,0,240,23.0,0,,,
2242,a0RG000000QtYPcMAN,,Clotheswasher,Electric,Kenmore,,,11020702990,2000,,,,,,,,0,0,0,0,0,120,10.0,0,,,
2242,a0RG000000QtYPcMAN,,Oven,Electric,GE,,,JT950S0A2SS,1999,,,,,,,,0,0,0,0,0,240,30.0,0,,,
2242,a0RG000000QtYPcMAN,,Range,Gas,GE,,,JGP960SEA1SS,1999,,,,,,,,0,0,0,0,0,120,1.0,0,,,
2242,a0RG000000QtYPcMAN,,Dishwasher,Electric,Bosch,,,SHE55M15UC/64,Post-1993,,,,1999 or later.,,,,0,0,0,0,0,120,12.0,0,,,
2242,a0RG000000QtYPcMAN,,Microwave,Electric,GE,,,JVM3670SK04,2008,,,,,,,,0,0,0,0,0,120,13.2,,,,
2242,a0RG000000QtYPcMAN,,Refrigerator,Electric,Samsung,,RF266ABRS,,2009,,,,Not certain of location of coils.,,,,0,0,0,0,0,120,4.9,0,French Doors (Bottom Freezer),,
2242,a0RG000000QtYPcMAN,,Water Heater,Gas,Rheem,,22V40SF,,2006,,,40.00,"Gas appliance, no voltage, amerage, or wattage. Water heater setpoint not recorded.",36000,,,1,0,0,0,0,,,0,,,
2242,a0RG000000QtYPcMAN,,Water Heater,Gas,Rheem,,,21V40S-2,2006,,,40.00,"Gas appliance, no voltage, amperage, or wattage. Setpoint not recorded.",28000,,,1,0,0,0,0,,,0,,,
2242,a0RG000000QtYPcMAN,a0SG000000GgNiIMAV,Furnace/Air Handler,Electric,Rheem,,,CNPHP4821ATAABAA,2010,Attic,Horizontal,,"No furnace label visible, air handler only.",,,,0,0,0,0,0,,,0,,,
2242,a0RG000000QtYPcMAN,a0SG000000GgNiNMAV,Furnace/Air Handler,Electric,Rheem,,,,,Attic,Horizontal,,Air handler looks identical to AIRHANDLER1. No air handler or furnace label clearly visible.,,,,0,0,0,0,0,,,0,,,
8292,a0RG000000PpwbVMAR,a0SG000000Gf9BhMAJ,Furnace/Air Handler,Electric,Carrier,,,CNPHP4321ATAABAA,2011,Attic,Horizontal,,120V Air Handler/Furnace. Label for furnace part inaccessible.,,,,0,0,0,0,0,,,0,,,
8292,a0RG000000PpwbVMAR,a0SG000000Gf9BhMAJ,Air Condenser/Compressor,Electric,Carrier,,,CA16NA04200GBAAA,2012,,,,,42000,16.00,,0,0,0,0,0,240,23.6,0,,,
8292,a0RG000000PpwbVMAR,,Refrigerator,Electric,GE,,,PSW23PSSCSS,2012,,,,,,,,0,0,0,0,0,120,11.6,1,Side-by-Side,Underneath the Unit,
8292,a0RG000000PpwbVMAR,,Microwave,Electric,Whirlpool,,,GT4175SPS-4,2012,,,,,,,,0,0,0,0,0,120,13.8,0,,,
8292,a0RG000000PpwbVMAR,,Oven,Electric,Whirlpool,,,RBS305PVS03,2012,,,,,,,,0,0,0,0,0,240,21.3,0,,,
8292,a0RG000000PpwbVMAR,,Dishwasher,Electric,Whirlpool,,,DU1055XTV,2012,,,,,,,,0,0,0,0,0,120,15.0,0,,,
8292,a0RG000000PpwbVMAR,,Clotheswasher,Electric,LG,,,WM2688HNM,2012,,,,,,,,0,0,0,0,0,120,10.0,0,,,
8292,a0RG000000PpwbVMAR,,Dryer,Electric,Frigidaire,,,,2012,,,,"240V, label not accessible.",,,,0,0,0,0,0,,,0,,,
8292,a0RG000000PpwbVMAR,,Water Heater,Gas,A. O. Smith,,GPS75200,,2012,,,74.00,"Gas appliance, no voltage, amperage, or wattage. Setpoint not recorded.",80000,,,1,0,0,0,0,,,0,,,
1953,a0RG000000QtlV2MAJ,a0SG000000GgTZQMA3,Air Condenser/Compressor,Electric,Tempstar,,,CA9036VKD3,1998,,,,,36000,9.00,,0,0,0,0,0,240,21.9,0,,,
1953,a0RG000000QtlV2MAJ,a0SG000000GgTZQMA3,Furnace/Air Handler,Gas,Tempstar,,,EXM36F19A1,1998,Attic,Horizontal,,"120V, amperage, wattage, and BTU information not available on label.",,,,0,0,0,0,0,,,0,,,
1953,a0RG000000QtlV2MAJ,,Water Heater,Gas,A. O. Smith,,GVR40200,,2011,,,40.00,"Gas appliance, no voltage, amperage, or wattage. Setpoint not recorded.",40000,,,1,0,0,0,0,,,0,,,
1953,a0RG000000QtlV2MAJ,,Clotheswasher,Electric,Gibson,,GWT445RGS0,,1998,,,,,,,,0,0,0,0,0,120,12.0,0,,,
1953,a0RG000000QtlV2MAJ,,Dryer,Gas,Gibson,,GSG746RFS2,,1998,,,,,20000,,,0,0,0,0,0,120,6.0,0,,,
1953,a0RG000000QtlV2MAJ,,Refrigerator,Electric,Sears,,,795.76203.901,2010,,,,,,,,0,0,0,0,0,120,3.5,0,Freezer on Bottom,Underneath the Unit,
1953,a0RG000000QtlV2MAJ,,Range,Gas,Kenmore,,,790.78013000,1998,,,,"120V, amperage not listed.",,,,0,0,0,0,0,,,0,,,
1953,a0RG000000QtlV2MAJ,,Dishwasher,Electric,Maytag,,,MDB6000AWW,1998,,,,,,,,0,0,0,0,0,120,12.0,0,,,
2335,a0RG000000QsZnEMAV,a0SG000000GfITrMAN,Air Condenser/Compressor,Gas,Carrier,,24ABB448A300,,2008,,,,,48000,14.00,,0,0,0,0,0,240,21.8,,,,
2335,a0RG000000QsZnEMAV,a0SG000000GfITrMAN,Furnace/Air Handler,Gas,Carrier,,CNPHP6024ATAABAA,,2008,Attic,Horizontal,,,,,,0,0,0,0,0,,,,,,
2335,a0RG000000QsZnEMAV,,Clotheswasher,Electric,Whirlpool,,,WFW9600TA00,,,,,,,,,0,0,0,0,0,120,12.0,,,,
2335,a0RG000000QsZnEMAV,,Dryer,Electric,Whirlpool,,,WED9600TA0,,,,,,,,,0,0,0,0,0,240,24.0,,,,
2335,a0RG000000QsZnEMAV,,Oven,Electric,Whirlpool,,GBS307PRS01,,,,,,,,,,0,0,0,0,0,240,21.6,0,,,
2335,a0RG000000QsZnEMAV,,Microwave,Electric,Whirlpool,,GT4175SPS-3,,2008,,,,,,,,0,0,0,0,0,120,10.0,0,,,
2335,a0RG000000QsZnEMAV,,Range,Gas,Whirlpool,,GBS307PRS01,,,,,,,,,,0,0,0,0,0,120,32.5,0,,,
2335,a0RG000000QsZnEMAV,,Refrigerator,Electric,GE,,,GFSF6KEXABB,,,,,,,,,0,0,0,0,0,120,5.2,,,,
2335,a0RG000000QsZnEMAV,,Dishwasher,Electric,Whirlpool,,GU2475XTVY0,,,,,,,,,,0,0,0,0,0,120,2.7,,,,
2335,a0RG000000QsZnEMAV,,Water Heater,Gas,A. O. Smith,,FCG75300,,2008,,,74.00,,75100,,,0,0,0,0,0,,,,,,
114,a0RG000000QvVVHMA3,,Water Heater,Gas,A. O. Smith,,,,2008,,,71,"Manufacturers label not visible. Gas appliance, no voltage, amperage, or wattage.",,,,1,0,0,0,0,,,0,,,A
114,a0RG000000QvVVHMA3,,Refrigerator,Electric,LG,,,LSC27950ST,2008,,,,,,,,0,0,0,0,0,120,6.0,1,Side-by-Side,Underneath the Unit,
114,a0RG000000QvVVHMA3,,Range,Gas,GE,,,JGSP28SEKSS,2008,,,,Amperage not listed on label.,,,,0,0,0,0,0,120,,0,,,
114,a0RG000000QvVVHMA3,,Microwave,Electric,GE,,JVM150SM2SS,,2008,,,,,,,,0,0,0,0,0,120,12.5,,,,
114,a0RG000000QvVVHMA3,a0SG000000GhrnwMAB,Furnace/Air Handler,Gas,Carrier,,,,2008,Attic,Horizontal,,120V - Furnace label not visible.,,,,0,0,0,0,0,,,0,,,
114,a0RG000000QvVVHMA3,,Clotheswasher,Electric,LG,,706KWYP00242,,2008,,,,,,,,0,0,0,0,0,120,10.0,,,,
114,a0RG000000QvVVHMA3,,Dryer,Electric,LG,,710KWQW01020,,2008,,,,,,,,0,0,0,0,0,240,26.0,,,,
114,a0RG000000QvVVHMA3,a0SG000000GhrnwMAB,Air Condenser/Compressor,Electric,Carrier,,24ABA430A310,,2008,,,,,30000,14.00,,0,0,0,0,0,240,15.5,0,,,
2769,a0RG000000S4YcWMAV,a0SG000000ILJ8wMAH,Air Condenser/Compressor,Electric,Ruud,,,UAJB-036JAS,1990,,,,SEER rating not found - SEER 10 is a common rating from this era.,36000,,,0,0,0,0,0,240,18.0,0,,,
2769,a0RG000000S4YcWMAV,a0SG000000ILJ8wMAH,Furnace/Air Handler,Gas,Ruud,,,Sillouette,,Closet,Up Flow,,Furnace and air handler labels not visible - appear to be same era as the Air Condenser (1990).,,,,0,0,0,1,0,,,0,,,
2769,a0RG000000S4YcWMAV,,Water Heater,Gas,Bradford White,,,MI40T6FBN,2008,,,40.00,"Gas appliance, no voltatge, amperage, or wattage. Water heater setpoint not recorded.",40000,,,1,0,0,0,0,,,0,,,
2769,a0RG000000S4YcWMAV,,Clotheswasher,Electric,Kenmore,,,11045976400,2005,,,,,,,,0,0,0,0,0,120,12.0,0,,,
2769,a0RG000000S4YcWMAV,,Dryer,Electric,Kenmore,,,11085876400,2005,,,,,,,,0,0,0,0,0,240,26.0,0,,,
2769,a0RG000000S4YcWMAV,,Refrigerator,Electric,Whirlpool,,,GR2FHMXPS03,2006,,,,,,,,0,0,0,0,0,120,6.5,0,Freezer on Top,Underneath the Unit,
2769,a0RG000000S4YcWMAV,,Dishwasher,Electric,Whirlpool,,,DU8550XT2,1990,,,,,,,,0,0,0,0,0,120,11.0,0,,,
2769,a0RG000000S4YcWMAV,,Range,Electric,Whirlpool,,Inaccessible,,,,,,240V. Label inaccessible. Appears to date from same age as other appliances (1990).,,,,0,0,0,0,0,,,0,,,
2769,a0RG000000S4YcWMAV,,Microwave,Electric,Whirlpool,,,RN978BXSN,1987,,,,,,,,0,0,0,0,0,120,10.5,0,,,
4298,a0RG000000S4b75MAB,a0SG000000ILKmPMAX,Air Condenser/Compressor,Electric,Trane,,,TTN024C100A0,1992,,,,,24000,10.00,,0,0,0,0,0,240,14.0,0,,,
4298,a0RG000000S4b75MAB,a0SG000000ILKmPMAX,Furnace/Air Handler,Gas,Trane,,,XE78,Post-1993,Attic,Horizontal,,"120V gas furnace, label not accessible.",,,,0,0,0,0,0,,,0,,,
4298,a0RG000000S4b75MAB,,Clotheswasher,Electric,Whirlpool,,,WFW9151YW00,2011,,,,,,,,0,0,0,0,0,120,10.0,0,,,
4298,a0RG000000S4b75MAB,,Dryer,Gas,Kenmore,,,11088670100,1987,,,,"According to participants, dryer is only used for sheets and towels.",,,,0,0,0,0,0,120,12.0,0,,,
4298,a0RG000000S4b75MAB,,Water Heater,Gas,Rheem,,21V40-7,,1991,,,40.00,"Gas appliance, no voltage, amperage, or wattage. Setpoint not recorded.",34000,,,1,0,0,1,0,,,0,,,
4298,a0RG000000S4b75MAB,,Microwave,Electric,GE,,,JES1142SJ06,2009,,,,,,,,0,0,0,0,0,120,12.5,,,,
4298,a0RG000000S4b75MAB,,Range,Gas,GE,,,PGS908SEPSS,1999,,,,"120V, amperage not listed.",,,,0,0,0,0,0,,,0,,,
4298,a0RG000000S4b75MAB,,Refrigerator,Electric,Kenmore,,,70872990,2000,,,,,,,,0,0,0,0,0,120,6.5,0,Freezer on Top,Underneath the Unit,
3500,a0RG000000SZvLWMA1,,Clotheswasher,Electric,Whirlpool,,,WFW8400TW01,2008,,,,,,,,0,0,0,0,0,120,10.0,0,,,
3500,a0RG000000SZvLWMA1,,Dryer,Gas,Kenmore,,,11072852188,2001,,,,,,,,0,0,0,0,0,120,6.0,0,,,
3500,a0RG000000SZvLWMA1,,Oven,Electric,GE,,,JTP56S0D1SS,2001,,,,,,,,0,0,0,0,0,240,30.0,0,,,
3500,a0RG000000SZvLWMA1,,Range,Gas,GE,,,JGP932SEC1SS,1998,,,,,,,,0,0,0,0,0,120,1.0,0,,,
3500,a0RG000000SZvLWMA1,,Dishwasher,Electric,GE,,,GSD5320DBB,2001,,,,,,,,0,0,0,0,0,120,8.6,0,,,
3500,a0RG000000SZvLWMA1,,Microwave,Electric,GE,,,JVM1860SD001,2001,,,,,,,,0,0,0,0,0,120,13.1,0,,,
3500,a0RG000000SZvLWMA1,,Pool Pump,Electric,,Polaris,,PB4-60,Post-1993,,,,"2001 or later. Voltage, amperage, and wattage not listed on label.",,,,0,0,0,0,0,,,0,,,
3500,a0RG000000SZvLWMA1,a0SG000000IMO0xMAH,Air Condenser/Compressor,Electric,Goodman,,,GSC130361GA,2012,,,,,36000,13.00,,0,0,0,0,0,240,17.9,0,,,
3500,a0RG000000SZvLWMA1,a0SG000000IMOrQMAX,Air Condenser/Compressor,Electric,Rheem,,,RAMB-036JBZ,2001,,,,,36000,12.00,,0,0,0,0,0,240,23.0,0,,,
7863,a0RG000000SZYznMAH,a0SG000000IMBcNMAX,Furnace/Air Handler,Gas,Carrier,,58STA070-13112,,2009,Attic,Horizontal,,,66000,,82.00,0,0,0,0,0,120,6.8,0,,,
7863,a0RG000000SZYznMAH,,Water Heater,Gas,A. O. Smith,,GCV40200,,2008,,,40,"Gas appliance, no voltage, amperage, or wattage.",40000,,,1,0,0,0,0,,,0,,,Between B and C
7863,a0RG000000SZYznMAH,,Clotheswasher,Electric,LG,,,WM0001HTMA,2007,,,,,,,,0,0,0,0,0,120,10.0,0,,,
7863,a0RG000000SZYznMAH,,Dryer,Electric,LG,,,DLEX0001TM,2007,,,,,,,,0,0,0,0,0,240,26.0,0,,,
7863,a0RG000000SZYznMAH,,Microwave,Electric,GE,,JVM15405N1SS,,2009,,,,,,,,0,0,0,0,0,120,13.1,0,,,
7863,a0RG000000SZYznMAH,,Range,Gas,GE,,,JGBP36SEM3SS,2009,,,,,,,,0,0,0,0,0,120,5.0,0,,,
7863,a0RG000000SZYznMAH,,Dishwasher,Electric,GE,,GLD4560N10SS,,2009,,,,,,,,0,0,0,0,0,120,9.9,0,,,
7863,a0RG000000SZYznMAH,,Refrigerator,Electric,GE,,,GSS25WSTISS,2009,,,,,,,,0,0,0,0,0,120,11.6,1,Side-by-Side,Underneath the Unit,
7863,a0RG000000SZYznMAH,,Refrigerator,Electric,Frigidaire,,,FRS23KR4AW0,2001,,,,"Secondary fridge, located in garage.",,,,0,0,0,0,0,120,5.0,1,Side-by-Side,Underneath the Unit,
7863,a0RG000000SZYznMAH,a0SG000000IMBcNMAX,Air Condenser/Compressor,Electric,Carrier,,24ABB436A300,,2008,,,,,36000,14.00,,0,0,0,0,0,240,22.0,0,,,
5746,a0RG000000SYgIIMA1,a0SG000000ILUl3MAH,Air Condenser/Compressor,Electric,Carrier,,,24APA530A00,2006,,,,,30000,15.00,,0,0,0,0,0,240,14.1,0,,,
5746,a0RG000000SYgIIMA1,a0SG000000ILUl3MAH,Furnace/Air Handler,Gas,Carrier,,,58CVA/CVX,2006,Attic,Horizontal,,"120V, label does not show amperage, wattage, or BTU/h.",,,80.00,0,0,0,0,0,,,0,,,
5746,a0RG000000SYgIIMA1,,Water Heater,Tankless,Takagi,,,T-K2,2004,,,0,Waterheater setpoint not visible.,185000,,,1,0,0,0,0,120,3.0,0,,,
5746,a0RG000000SYgIIMA1,,Refrigerator,Electric,Fischer-Paykel,,E522B,,2006,,,,,,,,0,0,0,0,0,120,3.0,0,Freezer on Bottom,Underneath the Unit,
5746,a0RG000000SYgIIMA1,,Microwave,Electric,KitchenAid,,,KMHS2050SSS-0,2007,,,,,,,,0,0,0,0,0,120,10.0,,,,
5746,a0RG000000SYgIIMA1,,Range,Gas,KitchenAid,,,KGSK901SSS00,2007,,,,,,,,0,0,0,0,0,120,15.0,0,,,
7319,a0RG000000SYgLMMA1,a0SG000000ILUlwMAH,Air Condenser/Compressor,Electric,Lennox,,,HS270361P,,,,,,36000,14.00,,0,0,0,0,0,240,13.5,,,,
7319,a0RG000000SYgLMMA1,a0SG000000ILUm1MAH,Air Condenser/Compressor,,Lennox,,,HS270243P,,,,,,24000,14.00,,0,0,0,0,0,240,10.3,,,,
7319,a0RG000000SYgLMMA1,,Refrigerator,Electric,Samsung,,,RFG237AARS,2011,,,,,,,,0,0,0,0,0,120,5.3,,,,
7319,a0RG000000SYgLMMA1,,Range,Gas,GE,,,PP989DN2BB,,,,,,,,,0,0,0,0,0,120,57.5,,,,
7319,a0RG000000SYgLMMA1,,Microwave,Electric,GE,,,SCB1000KBB01,2005,,,,,,,,0,0,0,0,0,120,13.0,,,,
7319,a0RG000000SYgLMMA1,,Oven,Electric,Jenn Air,,W130,,,,,,,,,,0,0,0,0,0,240,14.5,0,,,
7319,a0RG000000SYgLMMA1,,Clotheswasher,Electric,GE,,,WPGT9150HMG,,,,,,,,,0,0,0,0,0,120,12.0,0,,,
7319,a0RG000000SYgLMMA1,,Dryer,Electric,GE,,,DPGT650EHMG,,,,,,,,,0,0,0,0,0,240,26.0,0,,,
7319,a0RG000000SYgLMMA1,,Water Heater,Gas,GE,,,PG50T9A,,,,50.00,,40000,,,0,0,0,0,0,,,,,,
7319,a0RG000000SYgLMMA1,a0SG000000ILUlwMAH,Furnace/Air Handler,Gas,Lennox,,,G24M375A12,,Attic,Horizontal,,75000 - input BTUH.,75000,,80.00,0,0,0,0,0,120,12.0,,,,
7319,a0RG000000SYgLMMA1,a0SG000000ILUm1MAH,Furnace/Air Handler,Gas,Lennox,,,G40UH24A04503,,Attic,Horizontal,,"44,000 input BTUH",44000,,,0,0,0,0,0,120,12.0,,,,
2156,a0RG000000SZ3RpMAL,,Refrigerator,Electric,Maytag,,MFI2568AES,,2006,,,,,,,,0,0,0,0,0,120,10.0,1,French Doors (Bottom Freezer),Underneath the Unit,
2156,a0RG000000SZ3RpMAL,,Dishwasher,Electric,KitchenAid,,,KUDE70FXSS2,2011,,,,,,,,0,0,0,0,0,120,8.2,0,,,
2156,a0RG000000SZ3RpMAL,,Oven,Electric,KitchenAid,,KEBS107SSS04,,2011,,,,,,,,0,0,0,0,0,240,22.5,0,,,
2156,a0RG000000SZ3RpMAL,a0SG000000ILn7AMAT,Furnace/Air Handler,Electric,Ruud,,,UBHB24J18SFGAI,2001,Closet,Up Flow,,Electric furnace - no BTUs. HSPF not listed.,,,,0,0,0,0,0,240,95.4,0,,,
2156,a0RG000000SZ3RpMAL,,Water Heater,Electric,State Select,,,P6522ORT2,2001,,,50.00,Electric waterheater - no BTUS. Setpoint not accessible.,,,,0,0,0,0,0,240,18.8,0,,,
2156,a0RG000000SZ3RpMAL,,Clotheswasher,Electric,LG,,,803KWLR00640,2008,,,,,,,,0,0,0,0,0,120,10.0,0,,,
2156,a0RG000000SZ3RpMAL,,Dryer,Electric,LG,,,103KWFN00931,2008,,,,,,,,0,0,0,0,0,240,26.0,0,,,
2156,a0RG000000SZ3RpMAL,a0SG000000ILn7AMAT,Air Condenser/Compressor,Electric,Ruud,,,UMPC048JAZ,2001,,,,Condenser compressor located on the roof of the building.,48000,13.00,,0,0,0,0,0,240,19.9,0,,,
3367,a0RG000000SZ3RuMAL,a0SG000000ILn7KMAT,Furnace/Air Handler,Gas,Carrier,,58STA110-13122,,2007,Attic,Horizontal,,,110000,,80.00,0,0,0,0,0,120,8.6,,,,
3367,a0RG000000SZ3RuMAL,,Refrigerator,Electric,Whirlpool,,,ED5HVAXVL02,2007,,,,,,,,0,0,0,0,0,120,6.5,1,Side-by-Side,Underneath the Unit,
3367,a0RG000000SZ3RuMAL,,Microwave,Electric,Whirlpool,,GT4175SPB-2,,2007,,,,,,,,0,0,0,0,0,120,10.0,0,,,
3367,a0RG000000SZ3RuMAL,,Oven,Electric,Whirlpool,,RBS305PRB00,,2007,,,,,,,,0,0,0,0,0,240,21.3,0,,,
3367,a0RG000000SZ3RuMAL,,Oven,Electric,Whirlpool,,RBS305PRB00,,2007,,,,,,,,0,0,0,0,0,240,21.3,0,,,
3367,a0RG000000SZ3RuMAL,,Dishwasher,Electric,Whirlpool,,DU915PWSB0,,2007,,,,,,,,0,0,0,0,0,120,12.0,,,,
3367,a0RG000000SZ3RuMAL,,Water Heater,Gas,A. O. Smith,,,GDVH75100,2004,,,75.00,"Gas appliance, no voltage, amperage, or wattage. Setpoint not recorded.",55000,,,1,0,0,0,0,,,0,,,
3367,a0RG000000SZ3RuMAL,a0SG000000ILn7KMAT,Air Condenser/Compressor,Electric,Carrier,,24ABA448A320,,2007,,,,,48000,14.00,,0,0,0,0,0,240,21.8,,,,
3367,a0RG000000SZ3RuMAL,,Clotheswasher,Electric,Kenmore,,,11026904691,1997,,,,,,,,0,0,0,0,0,120,10.0,0,,,
3367,a0RG000000SZ3RuMAL,,Dryer,Gas,Kenmore,,,11074202200,2003,,,,,,,,0,0,0,0,0,120,6.0,0,,,
7510,a0RG000000PqCfRMAV,,Range,Electric,Maytag,,,JER8855AAS,2000,,,0.00,,0,,,0,0,0,0,0,240,45.0,0,,,
2365,a0RG000000SZYzsMAH,,Water Heater,Tankless,Noritz,,N0931MOD,,2009,,,0,,250000,,,1,0,0,0,0,120,3.0,0,,,120
2365,a0RG000000SZYzsMAH,,Microwave,Electric,Sharp,,R315JSF,,2005,,,,,,,,0,0,0,0,0,120,14.2,0,,,
2365,a0RG000000SZYzsMAH,,Dishwasher,Electric,KitchenAid,,,KUDC03FVSS4,2010,,,,,,,,0,0,0,0,0,120,9.6,0,,,
2365,a0RG000000SZYzsMAH,,Refrigerator,Electric,Amana,,ARB2117BS,,2001,,,,,,,,0,0,0,0,0,120,7.7,0,Freezer on Bottom,Underneath the Unit,
2365,a0RG000000SZYzsMAH,,Dryer,Electric,Whirlpool,,,WED9150WW1,2010,,,,,,,,0,0,0,0,0,240,24.0,0,,,
2365,a0RG000000SZYzsMAH,,Clotheswasher,Electric,Whirlpool,,,WFW9150WW01,2010,,,,,,,,0,0,0,0,0,120,10.0,0,,,
2365,a0RG000000SZYzsMAH,a0SG000000IMBezMAH,Air Condenser/Compressor,Electric,American Standard,,4A7A6036B1000AA,,2006,,,,,36000,16.00,,0,0,0,0,0,240,24.0,0,,,
2365,a0RG000000SZYzsMAH,a0SG000000IMDQ5MAP,Air Condenser/Compressor,Electric,American Standard,,2A7B3024A1000AA,,2008,,,,,24000,13.00,,0,0,0,0,0,240,12.0,0,,,
2365,a0RG000000SZYzsMAH,a0SG000000IMBezMAH,Furnace/Air Handler,Electric,American Standard,,2TXCB036AS3HCAA,,2005,Attic,Horizontal,,"No voltage, amperage, wattage, or BTU information available on label. Label for gas furnace not visible.",,,,0,0,0,0,0,,,0,,,
2365,a0RG000000SZYzsMAH,a0SG000000IMDQ5MAP,Furnace/Air Handler,Electric,Trane,,,2TXCA024BC3HCAA,2008,Closet,Up Flow,,"No voltage, amperage, wattage, or BTU information available on label. Label for gas furnace not visible.",,,,0,0,0,1,0,,,0,,,
8197,a0RG000000SZ3SEMA1,a0SG000000IMG4PMAX,Air Condenser/Compressor,Electric,Carrier,,38BRC024310,,1999,,,,,48000,12.00,,0,0,0,0,0,240,14.8,0,,,
8197,a0RG000000SZ3SEMA1,a0SG000000IMG4jMAH,Air Condenser/Compressor,Electric,Carrier,,38BRC024310,,1999,,,,,24000,12.00,,0,0,0,0,0,240,14.8,0,,,
8197,a0RG000000SZ3SEMA1,a0SG000000IMG4ZMAX,Furnace/Air Handler,Gas,Carrier,,,,,Attic,Horizontal,,Furnace and air handler labels not visible.,,,,0,0,0,0,0,,,0,,,
8197,a0RG000000SZ3SEMA1,a0SG000000IMG4ZMAX,Air Condenser/Compressor,Electric,Carrier,,38BRC024310,,1999,,,,,24000,12.00,,0,0,0,0,0,240,14.8,0,,,
8197,a0RG000000SZ3SEMA1,a0SG000000IMG4PMAX,Furnace/Air Handler,Gas,Carrier,,,,,Attic,Horizontal,,Furnace and air handler labels not visible.,,,,0,0,0,0,0,,,0,,,
8197,a0RG000000SZ3SEMA1,a0SG000000IMG4jMAH,Furnace/Air Handler,Gas,Carrier,,,,,Attic,Horizontal,,Furnace and air handler labels not visible.,,,,0,0,0,0,0,,,0,,,
8197,a0RG000000SZ3SEMA1,,Water Heater,Gas,State Select,,,PRT40NORT980,1996,,,40,"Gas appliance, no voltage, amperage, or wattage. Waterheater setpoint not recorded.",38000,,,1,0,0,0,0,,,0,,,
8197,a0RG000000SZ3SEMA1,,Clotheswasher,Electric,LG,,,WM2501HWA,2009,,,,,,,,0,0,0,0,0,120,10.0,0,,,
8197,a0RG000000SZ3SEMA1,,Dryer,Gas,LG,,,DLGX2502W,2009,,,,,,,,0,0,0,0,0,120,11.5,0,,,
8197,a0RG000000SZ3SEMA1,,Oven,Electric,GE,,JKP15W0W2WW,,2011,,,,,,,,0,0,0,0,0,240,29.6,0,,,
8197,a0RG000000SZ3SEMA1,,Microwave,Electric,GE,,,JVM1631WB002,1999,,,,,,,,0,0,0,0,0,120,13.1,0,,,
8197,a0RG000000SZ3SEMA1,,Refrigerator,Electric,GE,,,GDS20KBSBCC,2007,,,,,,,,0,0,0,0,0,120,3.5,0,Freezer on Bottom,Underneath the Unit,
8197,a0RG000000SZ3SEMA1,,Dishwasher,Electric,GE,,,GHDA480N00BB,2007,,,,,,,,0,0,0,0,0,120,9.9,0,,,
8197,a0RG000000SZ3SEMA1,,Refrigerator,Electric,,Sanyo,,BC1206,2004,,,,Mini-fridge,,,,0,0,0,0,0,120,1.2,0,,,
8197,a0RG000000SZ3SEMA1,,Pool Pump,Electric,,Purex,,FNSP48,,,,,"Voltage, amperage, and wattage not clear from label.",,,,0,0,0,0,0,,,0,,,
4526,a0RG000000SZsH6MAL,a0SG000000IMMrqMAH,Furnace/Air Handler,Gas,Carrier,,58STA045-13108,,2009,Attic,Horizontal,,120V Furnace in garage apt. Label not accessible.,,,,0,0,0,0,0,,,0,,,
4526,a0RG000000SZsH6MAL,a0SG000000IMJ5OMAX,Furnace/Air Handler,Electric,Carrier,,,FX4CNF048,2009,Attic,Horizontal,,For main house. HSPF not listed,,,,0,0,0,0,0,120,7.5,0,,,
4526,a0RG000000SZsH6MAL,,Microwave,Electric,GE,,,HVM1540DN1BB,2009,,,,In garage apt.,,,,0,0,0,0,0,120,13.1,0,,,
4526,a0RG000000SZsH6MAL,,Oven,Electric,GE,,,JBS55DM2BB,2009,,,,In garage apt.,,,,0,0,0,0,0,240,43.0,0,,,
4526,a0RG000000SZsH6MAL,,Refrigerator,Electric,,,,ASD2522WRB04,2009,,,,In garage apt.,,,,0,0,0,0,0,120,6.5,1,Side-by-Side,Underneath the Unit,
4526,a0RG000000SZsH6MAL,a0SG000000IMMrqMAH,Air Condenser/Compressor,Electric,Carrier,,,24ABC618A310,2009,,,,Condenser for garage apt.,18000,16.00,,0,0,0,0,0,240,11.8,0,,,
4526,a0RG000000SZsH6MAL,a0SG000000IMJ5OMAX,Air Condenser/Compressor,Electric,Carrier,,,25HBB548A300,2009,,,,Heat pump for main house,48000,15.00,,0,0,0,0,0,240,29.8,0,,,
4526,a0RG000000SZsH6MAL,,Microwave,Electric,KitchenAid,,,KBMS1454SSS1,2008,,,,,,,,0,0,0,0,0,120,15.0,0,,,
4526,a0RG000000SZsH6MAL,,Oven,Electric,KitchenAid,,KEBS107SSS04,,2009,,,,,,,,0,0,0,0,0,240,22.5,0,,,
4526,a0RG000000SZsH6MAL,,Refrigerator,Electric,Samsung,,,RFG238AARS,2010,,,,In main house,,,,0,0,0,0,0,120,5.1,1,French Doors (Bottom Freezer),Underneath the Unit,
4526,a0RG000000SZsH6MAL,,Clotheswasher,Electric,Samsung,,,WF338AAB/XAA,2009,,,,In main house.,,,,0,0,0,0,0,120,10.0,0,,,
4526,a0RG000000SZsH6MAL,,Dryer,Electric,Samsung,,,DV338AEB/XAA,2008,,,,In main house.,,,,0,0,0,0,0,240,22.5,0,,,
4526,a0RG000000SZsH6MAL,,Water Heater,Tankless,Noritz,,N0751MOD,,2007,,,0,Waterheater for main house. Setpoint not recorded.,199900,,,1,0,0,0,0,120,2.0,0,,,
4526,a0RG000000SZsH6MAL,,Water Heater,Tankless,Noritz,,N0751MOD,,2007,,,0,Waterheater for garage apt. Setpoint not recorded.,199000,,,1,0,0,0,0,120,2.0,0,,,
936,a0RG000000SZsHBMA1,a0SG000000IMJ5TMAX,Furnace/Air Handler,Gas,Amana,,,CHA36TCC,2005,Closet,Up Flow,,"120V, amperage and wattage and BTUs not listed on label.",,,80.00,0,0,0,1,0,,,0,,,
936,a0RG000000SZsHBMA1,,Refrigerator,Electric,Maytag,,,MSD2651HEB,2005,,,,,,,,0,0,0,0,0,120,9.4,1,Side-by-Side,Underneath the Unit,
936,a0RG000000SZsHBMA1,,Microwave,Electric,Magic Chef,,MC0153UB,,2005,,,,,,,,0,0,0,0,0,120,13.3,0,,,
936,a0RG000000SZsHBMA1,,Range,Gas,Maytag,,,MGRH752BDB,Post-1993,,,,"120V, amperage not listed.",,,,0,0,0,0,0,,,0,,,
936,a0RG000000SZsHBMA1,,Dishwasher,Electric,Maytag,,MDBH955AWB,,2006,,,,,,,,0,0,0,0,0,120,9.0,0,,,
936,a0RG000000SZsHBMA1,,Water Heater,Tankless,Rinnai,,,R94LSe,2008,,,0,"120V, amperage not listed. Waterheater setpoint not recorded.",199000,,,1,0,0,0,0,,,0,,,
936,a0RG000000SZsHBMA1,a0SG000000IMJ5TMAX,Air Condenser/Compressor,Electric,Amana,,,RCE36A2D,2002,,,,,36000,14.00,,0,0,0,0,0,240,20.5,0,,,
936,a0RG000000SZsHBMA1,,Other,Electric,,Goldstar,,GWHD6500RY6,Post-1993,,,,"Window unit cools garage, which is outside of building envelope.",,,,0,0,0,0,0,120,6.1,0,,,
3500,a0RG000000SZvLWMA1,,Water Heater,Gas,A. O. Smith,,FSG40248,,1996,,,40,"Identical to other waterheater. Gas appliance, no voltage, amperage, or wattage.",32000,,,1,0,0,0,0,,,0,,,C
3500,a0RG000000SZvLWMA1,,Water Heater,Gas,A. O. Smith,,FSG40248,,1996,,,40,"Identical to other waterheater. Gas appliance, no voltage, amperage, or wattage.",32000,,,1,0,0,0,0,,,0,,,C
3500,a0RG000000SZvLWMA1,a0SG000000IMOrQMAX,Furnace/Air Handler,Gas,Rheem,,RGPJ-05EAUER,,2001,Attic,,,Max input 50000 BTU/hr,50000,,81.40,0,0,0,0,0,120,6.8,0,,,
3500,a0RG000000SZvLWMA1,a0SG000000IMO0xMAH,Furnace/Air Handler,Gas,Rheem,,,,,Attic,Horizontal,,Furnace label not visible.,,,,0,0,0,0,0,,,0,,,
2171,a0RG0000006CgcRMAS,,Water Heater,Electric,GE,,GE50T6A,,2002,,,50,"Electric waterheater, no BTUs. Waterheater dial is behind a panel.",,,,0,0,0,0,0,240,18.8,0,,,
2171,a0RG0000006CgcRMAS,a0SG0000002oWjfMAE,Air Condenser/Compressor,Electric,Goodman,,CK49-1B,,2001,,,,,48000,10.00,,0,0,0,0,0,240,26.8,0,,,
2171,a0RG0000006CgcRMAS,a0SG0000002oWjfMAE,Furnace/Air Handler,Gas,Goodman,,GMP100-4,,2001,Closet,Up Flow,,"Input 100,000 BTU/h, output 80,000 BTU/h",100000,,80.00,0,0,0,0,0,120,12.0,0,,,
2171,a0RG0000006CgcRMAS,,Microwave,Electric,Panasonic,,NN-S961WF,,2001,,,,,,,,0,0,0,0,0,120,11.5,0,,,
2171,a0RG0000006CgcRMAS,,Dishwasher,Electric,Electrolux,,,FDB1050REC0,2006,,,,,,,,0,0,0,0,0,120,10.0,0,,,
2171,a0RG0000006CgcRMAS,,Range,Gas,GE,,,JGBS19MEN4BS,2009,,,,,,,,0,0,0,0,0,120,5.0,0,,,
2171,a0RG0000006CgcRMAS,,Refrigerator,Electric,GE,,,TFX26KPDAWW,2000,,,,,,,,0,0,0,0,0,120,11.6,1,Side-by-Side,Underneath the Unit,
2171,a0RG0000006CgcRMAS,,Clotheswasher,Electric,GE,,,WOSE4200A0WW,2000,,,,,,,,0,0,0,0,0,120,10.0,0,,,
2171,a0RG0000006CgcRMAS,,Dryer,Gas,GE,,DPXR483GA2WW,,2000,,,,,,,,0,0,0,0,0,120,6.0,0,,,
936,a0RG000000SZsHBMA1,,Clotheswasher,Electric,Whirlpool,,,WTW8200YW0,2012,,,,,,,,0,0,0,0,0,120,8.0,0,,,
936,a0RG000000SZsHBMA1,,Dryer,Electric,Estate,,TEDS840PQ1,,2006,,,,,,,,0,0,0,0,0,240,26.0,0,,,
410,a0RG000000SaPhKMAV,,Water Heater,Gas,Nameplate Illegible,,Illegible,,Post-1993,,,,Waterheater wrapped with insulation. Label not visible.,,,,1,0,0,0,0,,,0,,,Between Warm and Hot
410,a0RG000000SaPhKMAV,,Dryer,Electric,Kenmore,,,11064112200,2003,,,,,,,,0,0,0,0,0,240,28.0,0,,,
410,a0RG000000SaPhKMAV,,Clotheswasher,Electric,Kenmore,,,11020892990,1999,,,,,,,,0,0,0,0,0,120,10.0,0,,,
410,a0RG000000SaPhKMAV,,Freezer,Electric,GE,,,FCM7SUFWW,2012,,,,,,,,0,0,0,0,0,120,1.7,0,,,
410,a0RG000000SaPhKMAV,a0SG000000IMlW7MAL,Furnace/Air Handler,Gas,Carrier,,58PAV070-12,,1997,Closet,Up Flow,,"120V, amperage not visible on label.",66000,,80.00,0,0,0,0,0,,,0,,,
7982,a0RG000000P8BB2MAN,,Other,Electric,Haier,,,HVTM06ABS,2013,,,,,,,,0,0,0,0,0,120,0.8,0,,,
6101,a0RG000000Sb3AIMAZ,a0SG000000IN7KoMAL,Air Condenser/Compressor,Electric,Carrier,,,CA16NA024-A,2011,,,,,24000,16.00,,0,0,0,0,0,240,17.7,0,,,
6101,a0RG000000Sb3AIMAZ,a0SG000000IN7KoMAL,Furnace/Air Handler,Gas,Carrier,,,58MEC060-F-10112,2011,Attic,Horizontal,,,60000,,93.00,0,0,0,0,0,120,8.2,0,,,
6101,a0RG000000Sb3AIMAZ,,Water Heater,Gas,A. O. Smith,,GVR40300,,2011,,,40,"Gas appliance, no voltage, amperage, or wattage",40000,,,1,0,0,0,0,,,0,,,A
6101,a0RG000000Sb3AIMAZ,,Refrigerator,Electric,Amana,,ARB2117BS,,2011,,,,,,,,0,0,0,0,0,120,7.7,1,Side-by-Side,Underneath the Unit,
6101,a0RG000000Sb3AIMAZ,,Clotheswasher,Electric,Fischer-Paykel,,,WL42T26DW1,2001,,,,,,,,0,0,0,0,0,120,7.0,0,,,
6101,a0RG000000Sb3AIMAZ,,Microwave,Electric,Sharp,,R315JSF,,2005,,,,,,,,0,0,0,0,0,120,14.2,0,,,
6101,a0RG000000Sb3AIMAZ,,Dryer,Electric,Fischer-Paykel,,,DEIX2,2007,,,,,,,,0,0,0,0,0,240,24.0,0,,,
6101,a0RG000000Sb3AIMAZ,,Dishwasher,Electric,GE,,,GSD2100V00BB,2011,,,,,,,,0,0,0,0,0,120,5.2,0,,,
6101,a0RG000000Sb3AIMAZ,,Oven,Electric,Amana,,,AER5823XAS0,2011,,,,,,,,0,0,0,0,0,240,43.0,0,,,
2158,a0RG000000SaPheMAF,a0SG000000IMlWWMA1,Air Condenser/Compressor,Electric,Goodman,,,GSC130361DE,2007,,,,Tall grass growing around unit could impede performance.,36000,13.00,,0,0,0,0,0,240,16.4,0,,,
2158,a0RG000000SaPheMAF,a0SG000000IMlWWMA1,Furnace/Air Handler,Gas,Goodman,,GMS80703ANBD,,2008,Closet,Up Flow,,,70000,,80.00,0,0,0,0,1,120,12.0,0,,,
2158,a0RG000000SaPheMAF,,Water Heater,Gas,A. O. Smith,,GCV30100,,2007,,,26,"Gas appliance, no voltage, amperage, or wattage.",40000,,,1,0,0,0,0,,,0,,,A
2158,a0RG000000SaPheMAF,,Range,Gas,,Hotpoint,,RGB508PS1WH,1991,,,,,,,,0,0,0,0,0,120,5.0,0,,,
2158,a0RG000000SaPheMAF,,Refrigerator,Electric,Amana,,SXD26VW,,1999,,,,,,,,0,0,0,0,0,120,9.5,1,Side-by-Side,Underneath the Unit,
2158,a0RG000000SaPheMAF,,Microwave,Electric,Panasonic,,NN-SD787ST,,2008,,,,,,,,0,0,0,0,0,120,12.7,0,,,
2158,a0RG000000SaPheMAF,,Dishwasher,Electric,Kenmore,,,6651684992,1995,,,,,,,,0,0,0,0,0,120,11.0,0,,,
2158,a0RG000000SaPheMAF,,Dryer,Electric,GE,,,DX2300EG1WW,2007,,,,,,,,0,0,0,0,0,240,24.0,0,,,
2158,a0RG000000SaPheMAF,,Clotheswasher,Electric,Kenmore,,,,,,,,Manufacturers label not found.,,,,0,0,0,0,0,,,0,,,
5814,a0RG000000Sb5xcMAB,a0SG000000INAMHMA5,Furnace/Air Handler,Gas,Goodman,,GMP050-3,,1993,Attic,Horizontal,,,45000,,80.00,0,0,0,0,0,120,12.0,0,,,
410,a0RG000000SaPhKMAV,a0SG000000IMlW7MAL,Air Condenser/Compressor,Electric,Carrier,,,38CK036300,1993,,,,,36000,10.00,,0,0,0,0,0,240,19.9,0,,,
410,a0RG000000SaPhKMAV,,Refrigerator,Electric,Whirlpool,,,MBF2258XEW4,2012,,,,,,,,0,0,0,0,0,120,7.1,0,Freezer on Bottom,Underneath the Unit,
410,a0RG000000SaPhKMAV,,Dishwasher,Electric,Whirlpool,,GU2275XTVY2,,2011,,,,,,,,0,0,0,0,0,120,9.6,0,,,
410,a0RG000000SaPhKMAV,,Range,Gas,Frigidaire,,,LGGF3042KFA,2011,,,,"120V, amperage not listed.",,,,0,0,0,0,0,,,0,,,
7951,a0RG000000QtBkEMAV,,Dishwasher,Electric,KitchenAid,,,KUDE20IXWH4,2011,,,,,,,,0,0,0,0,0,120,15.0,0,,,
7951,a0RG000000QtBkEMAV,,Water Heater,Electric,GE,,,GE30M6A,2003,,,30,Setpoint dial not visible.,,,,0,0,0,0,0,240,18.8,0,,,
1697,a0RG000000Sb8TyMAJ,a0SG000000INBdwMAH,Furnace/Air Handler,Gas,Carrier,,,58STA070-13112,2008,Attic,Horizontal,,,66000,,80.00,0,0,0,0,0,120,6.8,0,,,
1697,a0RG000000Sb8TyMAJ,,Water Heater,Gas,A. O. Smith,,GCV40200,,2008,,,40,"Gas appliance, no voltage, amperage, or wattage.",40000,,,1,0,0,0,0,,,0,,,A
1697,a0RG000000Sb8TyMAJ,,Refrigerator,Electric,Samsung,,RFG297AARS,,2008,,,,,,,,0,0,0,0,0,120,10.0,1,French Doors (Bottom Freezer),Underneath the Unit,
1697,a0RG000000Sb8TyMAJ,,Microwave,Electric,GE,,,JVM1540SN1SS,2008,,,,,,,,0,0,0,0,0,120,13.1,0,,,
1697,a0RG000000Sb8TyMAJ,,Range,Gas,GE,,JGBP36SEM2SS,,2008,,,,,,,,0,0,0,0,0,120,5.0,0,,,
1697,a0RG000000Sb8TyMAJ,,Dishwasher,Electric,GE,,GLD4560N10SS,,2008,,,,,,,,0,0,0,0,0,120,9.9,0,,,
1697,a0RG000000Sb8TyMAJ,,Clotheswasher,Electric,LG,,,WT6001HVA,2013,,,,,,,,0,0,0,0,0,120,10.0,0,,,
1697,a0RG000000Sb8TyMAJ,,Dryer,Electric,LG,,,DLEX6001V,2013,,,,,,,,0,0,0,0,0,240,26.0,0,,,
1697,a0RG000000Sb8TyMAJ,a0SG000000INBdwMAH,Air Condenser/Compressor,Electric,Carrier,,24ABA436A310,,2008,,,,,36000,14.00,,0,0,0,0,0,240,22.0,0,,,
5814,a0RG000000Sb5xcMAB,,Water Heater,Gas,Kenmore,,,153.337563,1998,,,50,"Gas appliance, no voltage, amperage, or wattage.",40000,,,1,0,0,0,0,,,0,,,A
5814,a0RG000000Sb5xcMAB,a0SG000000INAMHMA5,Air Condenser/Compressor,Electric,Goodman,,,CKQ24-1B,1997,,,,,24000,14.00,,0,0,0,0,0,240,11.3,0,,,
5814,a0RG000000Sb5xcMAB,,Dishwasher,Electric,Maytag,,,MDBF550AWB,2003,,,,,,,,0,0,0,0,0,120,9.0,0,,,
5814,a0RG000000Sb5xcMAB,,Range,Gas,Kenmore,,,79071313708,2009,,,,Voltage and amperage for pilot.,,,,0,0,0,0,0,120,15.0,0,,,
5814,a0RG000000Sb5xcMAB,,Refrigerator,Electric,Kenmore,,,79579299902,2012,,,,,,,,0,0,0,0,0,120,5.2,0,Freezer on Top,Underneath the Unit,
5814,a0RG000000Sb5xcMAB,,Dryer,Electric,Kenmore,,,11062802101,2004,,,,,,,,0,0,0,0,0,240,28.0,0,,,
5403,a0RG000000SbT49MAF,a0SG000000INKM9MAP,Air Condenser/Compressor,Electric,Carrier,,24ABA430A310,,2007,,,,,30000,14.00,,0,0,0,0,0,240,18.7,0,,,
5403,a0RG000000SbT49MAF,,Dishwasher,Electric,Whirlpool,,GU2455XTSS3,,2007,,,,,,,,0,0,0,0,0,120,8.4,0,,,
5403,a0RG000000SbT49MAF,,Refrigerator,Electric,Whirlpool,,,ED5FHEXSS02,2007,,,,,,,,0,0,0,0,0,120,6.5,1,Side-by-Side,Underneath the Unit,
5403,a0RG000000SbT49MAF,,Oven,Electric,Whirlpool,,GBS307PRS01,,2007,,,,,,,,0,0,0,0,0,240,21.6,0,,,
5403,a0RG000000SbT49MAF,,Clotheswasher,Electric,Whirlpool,,WTW5300VW2,,2010,,,,,,,,0,0,0,0,0,120,10.0,0,,,
5403,a0RG000000SbT49MAF,,Range,Gas,Whirlpool,,,GLS3064RS01,2007,,,,,,,,0,0,0,0,0,120,1.0,0,,,
5403,a0RG000000SbT49MAF,,Dryer,Electric,Whirlpool,,LEQ9508PW0,,2005,,,,,,,,0,0,0,0,0,240,26.0,0,,,
5403,a0RG000000SbT49MAF,,Microwave,Electric,Whirlpool,,GT4175SPS-2,,2007,,,,,,,,0,0,0,0,0,120,13.8,0,,,
5403,a0RG000000SbT49MAF,a0SG000000INKM9MAP,Furnace/Air Handler,Gas,Carrier,,58STA070-12,,2007,Attic,Horizontal,,,66000,,82.00,0,0,0,0,0,120,6.8,0,,,
5403,a0RG000000SbT49MAF,,Water Heater,Gas,State Select,,GS6504YBRT,,2007,,,50,"Gas appliance, no voltage, amperage, or wattage.",40000,,,1,0,0,0,0,,,0,,,Low
2156,a0RG000000SZ3RpMAL,,Microwave,Electric,Magic Chef,,,MCM990ST,Post-1993,,,,120V. Label not accessible.,,,,0,0,0,0,0,,,0,,,
8669,a0RG000000SbT4EMAV,a0SG000000INKMdMAP,Furnace/Air Handler,Electric,Carrier,,,FX4CNF048,2009,Attic,Horizontal,,"Electric furnace, no BTUs or AFUE. HSPF not listed.",,,,0,0,0,0,0,240,7.5,0,,,
8669,a0RG000000SbT4EMAV,,Dishwasher,Electric,Whirlpool,,,GU2475XTVY0,2009,,,,,,,,0,0,0,0,0,120,9.6,0,,,
8669,a0RG000000SbT4EMAV,,Refrigerator,Electric,Samsung,,,RFG237AARS,2009,,,,,,,,0,0,0,0,0,120,5.1,1,French Doors (Bottom Freezer),Underneath the Unit,
8669,a0RG000000SbT4EMAV,,Microwave,Electric,Whirlpool,,GT4175SPS-3,,2009,,,,,,,,0,0,0,0,0,120,13.8,0,,,
8669,a0RG000000SbT4EMAV,,Clotheswasher,Electric,Samsung,,,WF448AAP/XAA,2009,,,,,,,,0,0,0,0,0,120,10.0,0,,,
8669,a0RG000000SbT4EMAV,,Dryer,Gas,Samsung,,DV448AGPXAA,,2009,,,,,,,,0,0,0,0,0,120,6.0,0,,,
8669,a0RG000000SbT4EMAV,a0SG000000INKMdMAP,Air Condenser/Compressor,Electric,Carrier,,,25HBB548A300,2009,,,,,,15.00,,0,0,0,0,0,240,29.8,0,,,
8669,a0RG000000SbT4EMAV,,Water Heater,Tankless,Noritz,,N0751MOD,,2009,,,0,,199900,,,1,0,0,0,0,120,2.0,0,,,120
8669,a0RG000000SbT4EMAV,,Range,Gas,Whirlpool,,,RBS307PVS00,2009,,,,,,,,0,0,0,0,0,120,32.5,0,,,
5938,a0RG000000Sb2eWMAR,a0SG000000INCb8MAH,Air Condenser/Compressor,Electric,Carrier,,,CAR3NA36-C,2012,,,,,36000,13.0,,0,0,0,0,0,240,19.0,0,,,
3938,a0RG000000Sb2eXMAR,a0SG000000INCb9MAH,Air Condenser/Compressor,Electric,Carrier,,24ABB330W310,,2011,,,,,30000,13.0,,0,0,0,0,0,240,16.8,0,,,
4495,a0RG000000Sb2eYMAR,a0SG000000INCbAMAX,Air Condenser/Compressor,Electric,Carrier,,24ABB330W310,,2012,,,,,30000,13.0,,0,0,0,0,0,240,16.8,0,,,
2606,a0RG000000Sb2eZMAR,a0SG000000INCbBMAX,Air Condenser/Compressor,Electric,Goodman,,,GSX130361BA,2012,,,,,36000,13.0,,0,0,0,0,0,240,22.0,0,,,
7114,a0RG000000Sb2eaMAB,a0SG000000INCbCMAX,Air Condenser/Compressor,Electric,Goodman,,GSX130361EA,,2012,,,,,36000,13.0,,0,0,0,0,0,240,19.1,0,,,
5909,a0RG000000Sb2ebMAB,a0SG000000INCbDMAX,Air Condenser/Compressor,Electric,Carrier,,,24ABB324W310,2011,,,,,24000,13.0,,0,0,0,0,0,240,17.6,0,,,
8061,a0RG000000Sb2ecMAB,a0SG000000INCbEMAX,Air Condenser/Compressor,Electric,Goodman,,,GSX130361CA,2010,,,,,36000,13.0,,0,0,0,0,0,240,18.7,0,,,
9775,a0RG000000Sb2edMAB,a0SG000000INCbFMAX,Air Condenser/Compressor,Electric,Carrier,,,24ABB336W310,2011,,,,,36000,13.0,,0,0,0,0,0,240,21.5,0,,,
8342,a0RG000000Sb2eeMAB,a0SG000000INCbGMAX,Air Condenser/Compressor,Electric,Goodman,,GSX130361EA,,2012,,,,,36000,13.0,,0,0,0,0,0,240,19.1,0,,,
5009,a0RG000000Sb2efMAB,a0SG000000INCbHMAX,Air Condenser/Compressor,Electric,Carrier,,24ABB330W310,,2012,,,,,30000,13.0,,0,0,0,0,0,240,16.8,0,,,
5938,a0RG000000Sb2eWMAR,a0SG000000INCb8MAH,Furnace/Air Handler,Gas,Carrier,,,58STX070-12,2012,Attic,Horizontal,,,51000,,80.0,0,0,0,1,0,120,7.2,0,,,
3938,a0RG000000Sb2eXMAR,a0SG000000INCb9MAH,Furnace/Air Handler,Electric,First Co.,,36CDXQ,,2012,Attic,Heat Pump,,,31600,,,0,0,0,1,0,120,2.3,0,,,
4495,a0RG000000Sb2eYMAR,a0SG000000INCbAMAX,Furnace/Air Handler,Electric,First Co.,,36CDXQ,,2012,Conditioned Space,Heat Pump,,,31600,,,0,0,0,1,0,120,2.3,0,,,
2606,a0RG000000Sb2eZMAR,a0SG000000INCbBMAX,Furnace/Air Handler,Natural Gas,Goodman,,GMS80403AXBA,,2012,Attic,Horizontal,,,32000,,80.0,0,0,0,0,0,120,8.1,0,,,
7114,a0RG000000Sb2eaMAB,a0SG000000INCbCMAX,Furnace/Air Handler,Natural Gas,Goodman,,GMS80403AXBA,,2012,Attic,Horizontal,,,32000,,80.0,0,0,0,0,0,120,12.0,0,,,
8061,a0RG000000Sb2ecMAB,a0SG000000INCbEMAX,Furnace/Air Handler,Natural Gas,Goodman,,GMS80403AXBA,,2012,Attic,Horizontal,,,32000,,80.0,0,0,0,1,0,120,12.0,0,,,
9775,a0RG000000Sb2edMAB,a0SG000000INCbFMAX,Furnace/Air Handler,Electric,First Co.,,36CDXQ,,2011,Conditioned Space,Heat Pump,,,36000,,,0,0,0,0,0,120,2.3,0,,,
8342,a0RG000000Sb2eeMAB,a0SG000000INCbGMAX,Furnace/Air Handler,Natural Gas,Goodman,,GMS80403AXBA,,2012,Attic,Horizontal,,,32000,,80.0,0,0,0,1,0,120,12.0,0,,,
5009,a0RG000000Sb2efMAB,a0SG000000INCbHMAX,Furnace/Air Handler,Electric,First Co.,,36CDXQ,,2012,Conditioned Space,Heat Pump,,,36000,,,0,0,0,1,0,120,2.3,0,,,
3938,a0RG000000Sb2eXMAR,,Water Heater,Gas,A. O. Smith,,GVR 50 300,,2011,,,50,,40000,,,0,0,0,1,1,120,3.0,0,,,
4495,a0RG000000Sb2eYMAR,,Water Heater,Gas,A. O. Smith,,GVR 50 300,,2012,,,50,,40000,,,1,1,0,0,0,120,3.0,0,,,
5909,a0RG000000Sb2ebMAB,,Water Heater,Gas,A. O. Smith,,,GVR 40 300,2012,,,40,,40000,,,1,0,0,1,0,120,3.0,0,,,
9775,a0RG000000Sb2edMAB,,Water Heater,Gas,A. O. Smith,,GVR 50 300,,2011,,,50,,40000,,,1,0,0,1,0,120,3.0,0,,,
5009,a0RG000000Sb2efMAB,,Water Heater,Gas,A. O. Smith,,GVR 50 300,,2013,,,50,,40000,,,1,0,0,1,0,120,3.0,0,,,
5938,a0RG000000Sb2eWMAR,,Clotheswasher,Electric,Whirlpool,,,WFW9151YW00,2013,,,,,,,,0,0,0,0,0,,,0,,,
3938,a0RG000000Sb2eXMAR,,Clotheswasher,Electric,GE,,GTDP300GM/WS,,2012,,,,,,,,0,0,0,0,0,,,0,,,
4495,a0RG000000Sb2eYMAR,,Clotheswasher,Electric,GE,,,GCWN4950 D0WS,2012,,,,,,,,0,0,0,0,0,,,0,,,
2606,a0RG000000Sb2eZMAR,,Clotheswasher,Electric,Whirlpool,,,WFW9351YW00,2012,,,,,,,,0,0,0,0,0,,,0,,,
7114,a0RG000000Sb2eaMAB,,Clotheswasher,Electric,Whirlpool,,,WFW70HEBW0,2012,,,,,,,,0,0,0,0,0,,,0,,,
5909,a0RG000000Sb2ebMAB,,Clotheswasher,Electric,GE,,GTWN4450M1WS,,2012,,,,,,,,0,0,0,0,0,,,0,,,
8061,a0RG000000Sb2ecMAB,,Clotheswasher,Electric,LG,,,WM3470HVA,2012,,,,,,,,0,0,0,0,0,,,0,,,
9775,a0RG000000Sb2edMAB,,Clotheswasher,Electric,GE,,GTWN4450M1WS,,2011,,,,,,,,0,0,0,0,0,,,0,,,
8342,a0RG000000Sb2eeMAB,,Clotheswasher,Electric,Whirlpool,,,WFW94HEAW0,2012,,,,,,,,0,0,0,0,0,,,0,,,
5009,a0RG000000Sb2efMAB,,Clotheswasher,Electric,GE,,,GTWN42500D0WS,2012,,,,,,,,0,0,0,0,0,,,0,,,
5938,a0RG000000Sb2eWMAR,,Dryer,Gas,Whirlpool,,,WGD9151YW0,2013,,,,,,,,0,0,0,0,0,,,0,,,
3938,a0RG000000Sb2eXMAR,,Dryer,Gas,GE,,GTDP300GM/WS,,2011,,,,,,,,0,0,0,0,0,,,0,,,
4495,a0RG000000Sb2eYMAR,,Dryer,Gas,GE,,,GTDP490GD0WS,2012,,,,,,,,0,0,0,0,0,,,0,,,
2606,a0RG000000Sb2eZMAR,,Dryer,Gas,Whirlpool,,,WGD9371YW0,2012,,,,,,,,0,0,0,0,0,,,0,,,
7114,a0RG000000Sb2eaMAB,,Dryer,Gas,Whirlpool,,,WGD70HEBW0,2012,,,,,,,,0,0,0,0,0,,,0,,,
5909,a0RG000000Sb2ebMAB,,Dryer,Gas,GE,,,GTDP300GM1WS,2012,,,,,,,,0,0,0,0,0,,,0,,,
8061,a0RG000000Sb2ecMAB,,Dryer,Gas,LG,,,DLGX3471V,2012,,,,,,,,0,0,0,0,0,,,0,,,
9775,a0RG000000Sb2edMAB,,Dryer,Gas,GE,,,GTDP300GM2WS,2011,,,,,,,,0,0,0,0,0,,,0,,,
8342,a0RG000000Sb2eeMAB,,Dryer,Gas,Whirlpool,,,WGD94HEAW2,2012,,,,,,,,0,0,0,0,0,,,0,,,
5009,a0RG000000Sb2efMAB,,Dryer,Gas,GE,,,GTDP4906D0WS,2012,,,,,,,,0,0,0,0,0,,,0,,,
5938,a0RG000000Sb2eWMAR,,Dishwasher,Electric,KitchenAid,,,KUDS30FXSS8,2013,,,,,,,,0,0,0,0,0,,,0,,,
3938,a0RG000000Sb2eXMAR,,Dishwasher,Electric,GE,,GLD4560V00SS,,2012,,,,,,,,0,0,0,0,0,,,0,,,
4495,a0RG000000Sb2eYMAR,,Dishwasher,Electric,GE,,GLDA696P02SS,,2012,,,,,,,,0,0,0,0,0,,,0,,,
2606,a0RG000000Sb2eZMAR,,Dishwasher,Electric,Whirlpool,,,WDT710PAVM3,2012,,,,,,,,0,0,0,0,0,,,0,,,
7114,a0RG000000Sb2eaMAB,,Dishwasher,Electric,Whirlpool,,WDT710PAYM4,,2012,,,,,,,,0,0,0,0,0,,,0,,,
5909,a0RG000000Sb2ebMAB,,Dishwasher,Electric,GE,,GLD4560V00SS,,2012,,,,,,,,0,0,0,0,0,,,0,,,
8061,a0RG000000Sb2ecMAB,,Dishwasher,Electric,Whirlpool,,,WDT710PAYM3,2012,,,,,,,,0,0,0,0,0,,,0,,,
9775,a0RG000000Sb2edMAB,,Dishwasher,Electric,GE,,GLDA696P02SS,,2010,,,,,,,,0,0,0,0,0,,,0,,,
8342,a0RG000000Sb2eeMAB,,Dishwasher,Electric,Whirlpool,,WDT710PAYM4,,2012,,,,,,,,0,0,0,0,0,,,0,,,
5009,a0RG000000Sb2efMAB,,Dishwasher,Electric,GE,,GLD4560V00SS,,2012,,,,,,,,0,0,0,0,0,,,0,,,
5938,a0RG000000Sb2eWMAR,,Oven,Gas,KitchenAid,,,KEBS109BSS00,2013,,,,,,,,0,0,0,0,0,,,0,,,
5938,a0RG000000Sb2eWMAR,,Range,Gas,KitchenAid,,,KFGS306VSS03,2013,,,,,,,,0,0,0,0,0,,,0,,,
3938,a0RG000000Sb2eXMAR,,Range,Gas,GE,,JGBS23SET1SS,,2012,,,,,,,,0,0,0,0,0,,,0,,,
4495,a0RG000000Sb2eYMAR,,Range,Gas,GE,,JGBS23SET1SS,,2012,,,,,,,,0,0,0,0,0,,,0,,,
2606,a0RG000000Sb2eZMAR,,Range,Gas,Whirlpool,,,WOS92EC0AS00,2012,,,,,,,,0,0,0,0,0,,,0,,,
7114,a0RG000000Sb2eaMAB,,Range,Gas,Whirlpool,,WOS92EC0AS01,,2012,,,,,,,,0,0,0,0,0,,,0,,,
5909,a0RG000000Sb2ebMAB,,Range,Gas,GE,,JGBS23SET1SS,,2012,,,,,,,,0,0,0,0,0,,,0,,,
8061,a0RG000000Sb2ecMAB,,Range,Gas,Whirlpool,,WOS92EC0AS01,,2012,,,,,,,,0,0,0,0,0,,,0,,,
9775,a0RG000000Sb2edMAB,,Range,Gas,GE,,JGBS23SET1SS,,2012,,,,,,,,0,0,0,0,0,,,0,,,
8342,a0RG000000Sb2eeMAB,,Range,Gas,Whirlpool,,WOS92EC0AS01,,2012,,,,,,,,0,0,0,0,0,,,0,,,
5009,a0RG000000Sb2efMAB,,Range,Gas,GE,,,JGBS215ET1SS,2012,,,,,,,,0,0,0,0,0,,,0,,,
5938,a0RG000000Sb2eWMAR,,Refrigerator,Electric,KitchenAid,,KFCS22EVMS8,,2013,,,,,,,,0,0,0,0,0,,,0,,,
3938,a0RG000000Sb2eXMAR,,Refrigerator,Electric,GE,,GTH20SBBASS,,2012,,,,,,,,0,0,0,0,0,,,0,,,
4495,a0RG000000Sb2eYMAR,,Refrigerator,Electric,GE,,GTH20SBBASS,,2012,,,,,,,,0,0,0,0,0,,,0,,,
2606,a0RG000000Sb2eZMAR,,Refrigerator,Electric,Whirlpool,,,GSC25C6EYY02,2012,,,,,,,,0,0,0,0,0,,,0,,,
7114,a0RG000000Sb2eaMAB,,Refrigerator,Electric,KitchenAid,,KFCS22EVMS8,,2012,,,,,,,,0,0,0,0,0,,,0,,,
5909,a0RG000000Sb2ebMAB,,Refrigerator,Electric,GE,,GTH20SBBASS,,2012,,,,,,,,0,0,0,0,0,,,0,,,
8061,a0RG000000Sb2ecMAB,,Refrigerator,Electric,LG,,,LFX25991ST/02,2012,,,,,,,,0,0,0,0,0,,,0,,,
9775,a0RG000000Sb2edMAB,,Refrigerator,Electric,GE,,GTH20SBBASS,,2012,,,,,,,,0,0,0,0,0,,,0,,,
8342,a0RG000000Sb2eeMAB,,Refrigerator,Electric,Samsung,,,RFG237AARS,2013,,,,,,,,0,0,0,0,0,,,0,,,
5009,a0RG000000Sb2efMAB,,Refrigerator,Electric,GE,,GTH20SBBASS,,2011,,,,,,,,0,0,0,0,0,,,0,,,
5909,a0RG000000Sb2ebMAB,a0SG000000INCbDMAX,Furnace/Air Handler,Electric,Inaccessible,,Inaccessible,,,Conditioned Space,Heat Pump,,,,,,0,0,0,0,0,Inaccessible,,0,,,
5938,a0RG000000Sb2eWMAR,,Water Heater,Gas,Rheem,,RTG-84DVN,,2013,,,0.2,,180000,,,0,0,0,0,0,120,3.0,0,,,
2606,a0RG000000Sb2eZMAR,,Water Heater,Gas,Rheem,,,RTG-84XLN,2012,,,0.2,,180000,,,1,0,0,1,0,120,3.0,0,,,
7114,a0RG000000Sb2eaMAB,,Water Heater,Gas,Rheem,,RTG-84DVN,,2013,,,0.2,,180000,,,1,0,0,1,0,120,3.0,0,,,
8061,a0RG000000Sb2ecMAB,,Water Heater,Gas,Rheem,,,RTG-84DVLN,2012,,,0.2,,180000,,,1,0,0,0,0,120,2.0,0,,,
8342,a0RG000000Sb2eeMAB,,Water Heater,Gas,Rheem,,RTG-84DVN,,2012,,,0.2,,180000,,,1,0,0,1,0,120,3.0,0,,,
2974,a0RG000000SbnmpMAB,,Water Heater,Gas,A. O. Smith,,FSG40242,,2000,,,40,"Gas appliance, no voltage, amperage, or wattage.",32000,,,1,0,0,0,0,,,0,,,B
2974,a0RG000000SbnmpMAB,a0SG000000INbJrMAL,Furnace/Air Handler,Gas,Carrier,,,58PHA110-10120,2010,Attic,Up Flow,,,"110,000",,81.00,0,0,0,0,0,120,13.1,0,,,
2974,a0RG000000SbnmpMAB,,Water Heater,Gas,A. O. Smith,,FSG40242,,2000,,,40,"Gas appliance, no voltage, amperage, or wattage.",199000,,,1,0,0,0,0,,,0,,,C
2974,a0RG000000SbnmpMAB,a0SG000000INbY3MAL,Furnace/Air Handler,Gas,Lennox,,,EL180H070E36B01,2013,Attic,Horizontal,,,66000,,80.00,0,0,0,0,0,120,12.0,0,,,
2974,a0RG000000SbnmpMAB,,Refrigerator,Electric,KitchenAid,,,KSRS25IKSS01,2001,,,,,,,,0,0,0,0,0,120,6.5,1,Side-by-Side,Underneath the Unit,
2974,a0RG000000SbnmpMAB,,Dishwasher,Electric,Bosch,,,SHE3AR55UC/08,2012,,,,,,,,0,0,0,0,0,120,12.0,0,,,
2974,a0RG000000SbnmpMAB,,Range,Gas,Whirlpool,,,SC8720EDW1,2000,,,,,,,,0,0,0,0,0,120,10.0,0,,,
2974,a0RG000000SbnmpMAB,,Oven,Electric,Frigidaire,,,FFEW3025LSA,2011,,,,,,,,0,0,0,0,0,240,14.1,0,,,
2974,a0RG000000SbnmpMAB,,Microwave,Electric,Whirlpool,,,GT1195SHQ1,2000,,,,,,,,0,0,0,0,0,120,13.6,0,,,
2974,a0RG000000SbnmpMAB,a0SG000000INbJrMAL,Air Condenser/Compressor,Electric,Lennox,,,XC14-030-230-05,2013,,,,,30000,16.00,,0,0,0,0,0,240,17.2,0,,,
2974,a0RG000000SbnmpMAB,a0SG000000INbY3MAL,Air Condenser/Compressor,Electric,Carrier,,,24ABC660A300,2010,,,,,60000,16.00,,0,0,0,0,0,240,28.0,0,,,
9926,a0RG000000SbvJyMAJ,a0SG000000INdp0MAD,Air Condenser/Compressor,Electric,Lennox,,,XC16-048-230-02,2009,,,,,48000,17.00,,0,0,0,0,0,240,28.2,0,,,
9926,a0RG000000SbvJyMAJ,,Dryer,Electric,Maytag,,,MDE7600AYW,2001,,,,,,,,0,0,0,0,0,240,23.0,0,,,
9926,a0RG000000SbvJyMAJ,,Clotheswasher,Electric,Maytag,,,MAV7200AWW,2001,,,,,,,,0,0,0,0,0,120,7.1,0,,,
9926,a0RG000000SbvJyMAJ,,Refrigerator,Electric,Kenmore,,,,Post-1993,,,,"120V, manufacturers label not visible",,,,0,0,0,0,0,,,0,Freezer on Top,Underneath the Unit,
9926,a0RG000000SbvJyMAJ,,Dishwasher,Electric,KitchenAid,,,KUDI01ILBL3,2003,,,,,,,,0,0,0,0,0,120,9.6,0,,,
9926,a0RG000000SbvJyMAJ,,Range,Gas,GE,,,JGBS15GER3AD,1992,,,,,,,,0,0,0,0,0,120,5.0,0,,,
9926,a0RG000000SbvJyMAJ,a0SG000000INdp0MAD,Furnace/Air Handler,Gas,Lennox,,,G60UHV-060C-090-09,2009,Closet,Up Flow,,,88000,,82.00,0,0,0,0,1,120,12.0,0,,,
9926,a0RG000000SbvJyMAJ,,Other,Electric,Lennox,,,PCO20-28,2009,,,,,,,,0,0,0,0,0,120,1.2,0,,,
9926,a0RG000000SbvJyMAJ,,Water Heater,Gas,Bradford White,,,MI40T6FBN7,2005,,,40,,40000,,,1,0,0,0,1,,,0,,,Hot - first level
2974,a0RG000000SbnmpMAB,,Dryer,Electric,Whirlpool,,,WED5300SQ0,2007,,,,,,,,0,0,0,0,0,240,26.0,0,,,
2974,a0RG000000SbnmpMAB,,Clotheswasher,Electric,Maytag,,MVWC500VW0,,2009,,,,120V - amperage not visible on label.,,,,0,0,0,0,0,,,0,,,
370,a0RG000000Sc7Q2MAJ,a0SG000000INgFsMAL,Air Condenser/Compressor,Electric,Rheem,,,RAMB-042JAZ,2007,,,,,42000,14.00,,0,0,0,0,0,240,22.0,0,,,
370,a0RG000000Sc7Q2MAJ,a0SG000000INgFsMAL,Furnace/Air Handler,Gas,Rheem,,80PS07EER01,,2007,Attic,Horizontal,,Output BTUs / AFUE not listed.,75000,,,0,0,0,0,0,120,9.5,0,,,
2814,a0RG000000Sc7QHMAZ,a0SG000000INgG7MAL,Air Condenser/Compressor,Electric,Carrier,,24ABB430A300,,2009,,,,,30000,14.00,,0,0,0,0,0,240,18.1,0,,,
2814,a0RG000000Sc7QHMAZ,,Water Heater,Gas,A. O. Smith,,GVR40200,,2009,,,40,"Gas appliance, no voltage, amperage, or wattage.",40000,,,1,0,0,0,0,,,0,,,A
2814,a0RG000000Sc7QHMAZ,a0SG000000INgG7MAL,Furnace/Air Handler,Gas,Carrier,,58STA070-13112,,2009,Attic,Horizontal,,,66000,,82.00,0,0,0,0,0,120,6.8,0,,,
2814,a0RG000000Sc7QHMAZ,,Clotheswasher,Electric,Kenmore,,,11046462501,2006,,,,,,,,0,0,0,0,0,120,10.0,0,,,
2814,a0RG000000Sc7QHMAZ,,Dryer,Electric,Kenmore,,,11086562500,2006,,,,,,,,0,0,0,0,0,240,24.0,0,,,
2814,a0RG000000Sc7QHMAZ,,Refrigerator,Electric,Kenmore,,79578546806,,2009,,,,,,,,0,0,0,0,0,120,6.1,1,French Doors (Bottom Freezer),Underneath the Unit,
2814,a0RG000000Sc7QHMAZ,,Microwave,Electric,GE,,JVM1540SN1SS,,2009,,,,,,,,0,0,0,0,0,120,13.1,0,,,
2814,a0RG000000Sc7QHMAZ,,Range,Gas,GE,,,JGSP28SEN2SS,2009,,,,,,,,0,0,0,0,0,120,5.0,0,,,
2814,a0RG000000Sc7QHMAZ,,Dishwasher,Electric,GE,,GLD4560R00SS,,2009,,,,,,,,0,0,0,0,0,120,9.9,0,,,
6636,a0RG000000Sc7QRMAZ,a0SG000000INgGHMA1,Furnace/Air Handler,Gas,Goodman,,GMP100-4,,2001,Garage,Up Flow,,Located in closet in the garage.,100000,,80.00,0,0,0,0,0,120,12.0,0,,,
6636,a0RG000000Sc7QRMAZ,a0SG000000INgGHMA1,Air Condenser/Compressor,Electric,Goodman,,,CLJ48-1,2003,,,,,48000,12.00,,0,0,0,0,0,240,29.0,0,,,
6636,a0RG000000Sc7QRMAZ,,Dishwasher,Electric,GE,,,GSD3425F00BB,2012,,,,,,,,0,0,0,0,0,120,6.2,0,,,
6636,a0RG000000Sc7QRMAZ,,Refrigerator,Electric,Samsung,,,RF2717ACRS,2010,,,,,,,,0,0,0,0,0,120,3.9,0,French Doors (Bottom Freezer),Underneath the Unit,
6636,a0RG000000Sc7QRMAZ,,Microwave,Electric,Kenmore,,,72162649200,2002,,,,,,,,0,0,0,0,0,120,14.0,0,,,
6636,a0RG000000Sc7QRMAZ,,Range,Gas,Kenmore,,,66575849005,Post-1993,,,,,,,,0,0,0,0,0,120,10.0,0,,,
6636,a0RG000000Sc7QRMAZ,,Clotheswasher,Electric,Kenmore,,,11020922990,1999,,,,,,,,0,0,0,0,0,120,10.0,0,,,
6636,a0RG000000Sc7QRMAZ,,Dryer,Electric,Kenmore,,,11062912100,2001,,,,,,,,0,0,0,0,0,240,28.0,0,,,
6636,a0RG000000Sc7QRMAZ,,Water Heater,Gas,Kenmore,,,153338560,1997,,,50,"Gas appliance, no voltage, amperage, or wattage.",40000,,,1,0,0,0,0,,,0,,,B
2864,a0RG000000Sc7NIMAZ,,Other,Electric,Kenmore,,,2539280213,2000,,,,In garage,,,,0,0,0,0,0,120,5.0,0,,,
94,a0RG000000Sc7RFMAZ,a0SG000000INgGlMAL,Air Condenser/Compressor,Electric,Trane,,,4A7A5036E1000AC,2012,,,,,36000,15.00,,0,0,0,0,0,240,19.0,0,,,
94,a0RG000000Sc7RFMAZ,a0SG000000INgGlMAL,Furnace/Air Handler,Gas,Trane,,,AUD2C100ACV52AB,2012,Attic,Horizontal,,,100000,,80.00,0,0,0,0,0,120,13.9,0,,,
94,a0RG000000Sc7RFMAZ,,Refrigerator,Electric,Samsung,,,RB217ABPN,2010,,,,,,,,0,0,0,0,0,120,3.9,0,Freezer on Bottom,Underneath the Unit,
94,a0RG000000Sc7RFMAZ,,Dishwasher,Electric,Bosch,,,SHX3R75UC/08,2012,,,,,,,,0,0,0,0,0,120,12.0,0,,,
94,a0RG000000Sc7RFMAZ,,Range,Gas,Whirlpool,,,SF367PEYN4,1994,,,,,,,,0,0,0,0,0,120,15.0,0,,,
94,a0RG000000Sc7RFMAZ,,Microwave,Electric,GE,,JVM231BL001,,1994,,,,,,,,0,0,0,0,0,120,12.1,0,,,
94,a0RG000000Sc7RFMAZ,,Clotheswasher,Electric,Samsung,,WF330ANW/ XAA,,2010,,,,,,,,0,0,0,0,0,120,10.0,0,,,
94,a0RG000000Sc7RFMAZ,,Dryer,Electric,Samsung,,DV330AEW/XAA,,2010,,,,,,,,0,0,0,0,0,240,22.5,0,,,
94,a0RG000000Sc7RFMAZ,,Water Heater,Gas,GE,,,PG50T9A,2000,,,50,"Gas appliance, no voltage, amperage, or wattage.",40000,,,1,0,0,0,0,,,0,,,Midpoint between warm and hot
370,a0RG000000Sc7Q2MAJ,,Clotheswasher,Electric,LG,,,WM3470HVA,2013,,,,,,,,0,0,0,0,0,120,10.0,0,,,
370,a0RG000000Sc7Q2MAJ,,Dryer,Gas,LG,,,DLGX3471V,2013,,,,,,,,0,0,0,0,0,120,11.5,0,,,
370,a0RG000000Sc7Q2MAJ,,Refrigerator,Electric,LG,,,LFX31925ST/06,2013,,,,,,,,0,0,0,0,0,120,5.2,1,French Doors (Bottom Freezer),Underneath the Unit,
370,a0RG000000Sc7Q2MAJ,,Range,Gas,Kenmore,,Inaccessible,,2007,,,,"Gas range, 120V. Amperage not listed.",,,,0,0,0,0,0,,,0,,,
370,a0RG000000Sc7Q2MAJ,,Microwave,Electric,GE,,,ZSC1001KSS01,2007,,,,,,,,0,0,0,0,0,120,13.3,0,,,
370,a0RG000000Sc7Q2MAJ,,Dishwasher,Electric,GE,,,ZBD6880N00SS,2007,,,,,,,,0,0,0,0,0,120,9.9,0,,,
370,a0RG000000Sc7Q2MAJ,,Water Heater,Tankless,Rinnai,,Inaccessible,,2007,,,,,,,,1,0,0,0,0,,,0,,,120
9771,a0RG000000Sc7PnMAJ,,Water Heater,Gas,Rheem,,41V50,,2000,,,50,"Gas appliance, no voltage, amperage, or wattage.",40000,,,1,0,0,0,0,,,0,,,Hot
9771,a0RG000000Sc7PnMAJ,a0SG000000INgFdMAL,Furnace/Air Handler,Gas,Rheem,,RGPJ-05EAUER,,2000,Attic,Horizontal,,Identical to FURNACE1,50000,,81.00,0,0,0,0,0,120,6.8,0,,,
9771,a0RG000000Sc7PnMAJ,a0SG000000INgFTMA1,Furnace/Air Handler,Gas,Rheem,,RGPJ-05EAUER,,2000,Attic,Horizontal,,Identical to FURNACE2,50000,,81.00,0,0,0,0,0,120,6.8,0,,,
9771,a0RG000000Sc7PnMAJ,,Dryer,Electric,Kenmore,,,11064086201,2004,,,,,,,,0,0,0,0,0,240,28.0,0,,,
9771,a0RG000000Sc7PnMAJ,,Clotheswasher,Electric,Kenmore,,,40249032012,2011,,,,,,,,0,0,0,0,0,120,10.0,0,,,
9771,a0RG000000Sc7PnMAJ,,Refrigerator,Electric,Kenmore,,,10659509992,2000,,,,,,,,0,0,0,0,0,120,6.5,1,,Behind the Unit,
9771,a0RG000000Sc7PnMAJ,,Oven,Electric,GE,,,JTP56B0A2BB,2000,,,,,,,,0,0,0,0,0,240,30.0,0,,,
9771,a0RG000000Sc7PnMAJ,,Range,Gas,GE,,,JGP336BEV2BB,2000,,,,,,,,0,0,0,0,0,120,1.0,0,,,
9771,a0RG000000Sc7PnMAJ,,Microwave,Electric,GE,,,JVM1630BB002,2000,,,,,,,,0,0,0,0,0,120,13.1,0,,,
9771,a0RG000000Sc7PnMAJ,,Dishwasher,Electric,GE,,,GSD5120D01BB,2000,,,,,,,,0,0,0,0,0,120,6.2,0,,,
9771,a0RG000000Sc7PnMAJ,,Other,Electric,,Laguna,,B31211F,2011,,,,"120V, amperage not listed",,,,0,0,0,0,0,,,0,,,
9771,a0RG000000Sc7PnMAJ,a0SG000000INgFTMA1,Air Condenser/Compressor,Electric,Rheem,,,RAMB-036JBZ,2000,,,,,36000,12.00,,0,0,0,0,0,240,22.0,0,,,
9771,a0RG000000Sc7PnMAJ,a0SG000000INgFdMAL,Air Condenser/Compressor,Electric,Rheem,,,RAMB-042JBZ,2000,,,,,42000,12.00,,0,0,0,0,0,240,25.0,0,,,
2864,a0RG000000Sc7NIMAZ,a0SG000000INgCoMAL,Air Condenser/Compressor,Electric,Rheem,,14AJM36A01,,2010,,,,,36000,14.00,,0,0,0,0,0,240,30.0,0,,,
2864,a0RG000000Sc7NIMAZ,,Water Heater,Tankless,Navien,,,NR210A,2006,,,0,,180000,,,1,0,0,0,0,120,2.0,0,,,125
624,a0RG000000Qu66UMAR,a0SG000000IO20HMAT,Air Condenser/Compressor,Electric,Carrier,,,25HNB936A300,2012,,,,Electric heat pump,36000,19.00,,0,0,0,0,0,240,23.7,0,,,
624,a0RG000000Qu66UMAR,a0SG000000IO20HMAT,Furnace/Air Handler,Electric,Carrier,,,FE4ANB006,2012,Attic,Horizontal,,HSPF not listed.,,,,0,0,0,0,0,240,8.5,0,,,
624,a0RG000000Qu66UMAR,a0SG000000IO20HMAT,Other,Electric,,Fantech,,SER1504N,2012,,,,System keeps air circulating in the house.,,,,0,0,0,0,0,120,1.5,0,,,
624,a0RG000000Qu66UMAR,,Microwave,Electric,,Bosch,,HMB506001,2007,,,,,,,,0,0,0,0,0,120,12.7,0,,,
624,a0RG000000Qu66UMAR,,Range,Electric,,Bosch,,HBL5760UC,2007,,,,,,,,0,0,0,0,0,240,44.0,0,,,
624,a0RG000000Qu66UMAR,,Dishwasher,Electric,Bosch,,,SGE63E06UC,2012,,,,"120V, amperage and wattage information inaccessible",,,,0,0,0,0,0,,,0,,,
624,a0RG000000Qu66UMAR,,Dryer,Electric,Kenmore,,,41783042300,2004,,,,,,,,0,0,0,0,0,240,23.0,0,,,
624,a0RG000000Qu66UMAR,,Clotheswasher,Electric,Kenmore,,,4174402400,2004,,,,,,,,0,0,0,0,0,120,12.0,0,,,
624,a0RG000000Qu66UMAR,,Water Heater,Solar,A. O. Smith,,,SUN80110,2011,,,80,Model number is storage tank for solar water heater. Controller model number SR208C.,,,,0,0,0,0,0,,,0,,,109
624,a0RG000000Qu66UMAR,,Range,Electric,Kenmore,,,7904290,2012,,,,"Label inaccessible - voltage, amperage, and wattage unknown.",,,,0,0,0,0,0,,,0,,,
624,a0RG000000Qu66UMAR,,Refrigerator,Electric,LG,,,LFC25776ST,Post-1993,,,,"120V. Serial number, date, and amperage not listed on label.",,,,0,0,0,0,0,,,0,French Doors (Bottom Freezer),Underneath the Unit,
2864,a0RG000000Sc7NIMAZ,,Dryer,Electric,Kenmore,,,11066822694,1998,,,,,,,,0,0,0,0,0,240,28.0,0,,,
2864,a0RG000000Sc7NIMAZ,,Clotheswasher,Electric,Sears,,,11028872890,1998,,,,,,,,0,0,0,0,0,120,10.0,0,,,
2864,a0RG000000Sc7NIMAZ,,Refrigerator,Electric,GE,,,TFX27RLJ,1990,,,,"120V, amperage illegible",,,,0,0,0,0,0,,,1,Side-by-Side,Underneath the Unit,
2864,a0RG000000Sc7NIMAZ,,Dishwasher,Electric,Kenmore,,6651675591,,1993,,,,,,,,0,0,0,0,0,120,11.0,0,,,
2864,a0RG000000Sc7NIMAZ,,Microwave,Electric,Kenmore,,66560659,,2000,,,,,,,,0,0,0,0,0,120,15.0,0,,,
2864,a0RG000000Sc7NIMAZ,,Range,Gas,GE,,Inaccessible,,Pre-1993,,,,"Most likely 120V, label not found.",,,,0,0,0,0,0,,,0,,,
2864,a0RG000000Sc7NIMAZ,a0SG000000INgCoMAL,Furnace/Air Handler,Gas,Rheem,,RGPT-07EBRQR,,2010,Closet,Up Flow,,,75000,,80.00,0,0,0,0,0,120,13.5,0,,,
2864,a0RG000000Sc7NIMAZ,,Refrigerator,Electric,Frigidaire,,,FRT21NNCW3,1996,,,,In garage,,,,0,0,0,0,0,120,4.8,0,Freezer on Top,Underneath the Unit,
4352,a0RG000000Sc7RPMAZ,a0SG000000INgH0MAL,Air Condenser/Compressor,Electric,Carrier,,24ABA436A310,,2008,,,,,36000,14.00,,0,0,0,0,0,240,22.0,0,,,
4352,a0RG000000Sc7RPMAZ,,Water Heater,Gas,A. O. Smith,,,GCV40100,2007,,,38,"Gas appliance, no voltage, amperage, or wattage",40000,,,1,0,0,0,0,,,0,,,One unit below A
4352,a0RG000000Sc7RPMAZ,a0SG000000INgH0MAL,Furnace/Air Handler,Gas,Carrier,,58STA070-13112,,2008,Attic,Horizontal,,,66000,,82.00,0,0,0,0,0,120,6.8,0,,,
4352,a0RG000000Sc7RPMAZ,,Dryer,Electric,LG,,,DLEX2650W,2012,,,,,,,,0,0,0,0,0,240,26.0,0,,,
4352,a0RG000000Sc7RPMAZ,,Clotheswasher,Electric,LG,,,WM2650HWA,2012,,,,,,,,0,0,0,0,0,120,10.0,0,,,
4352,a0RG000000Sc7RPMAZ,,Refrigerator,Electric,GE,,,PSS26MSWA,2007,,,,,,,,0,0,0,0,0,120,11.6,1,Side-by-Side,Underneath the Unit,
4352,a0RG000000Sc7RPMAZ,,Range,Gas,GE,,,PGS968SEM1SS,2008,,,,"120V, amperage not listed.",,,,0,0,0,0,0,,,0,,,
4352,a0RG000000Sc7RPMAZ,,Microwave,Electric,GE,,,SCA2001KSS01,2008,,,,,,,,0,0,0,0,0,120,12.5,0,,,
4352,a0RG000000Sc7RPMAZ,,Dishwasher,Electric,GE,,GLD4560N10SS,,2008,,,,,,,,0,0,0,0,0,120,9.9,0,,,
5746,a0RG000000SYgIIMA1,,Clotheswasher,Electric,Nameplate Illegible,,Illegible,,,,,,,,,,0,0,0,0,0,,,0,,,
5746,a0RG000000SYgIIMA1,,Dryer,Electric,Nameplate Illegible,,Illegible,,,,,,,,,,0,0,0,0,0,,,0,,,
5814,a0RG000000Sb5xcMAB,,Clotheswasher,Electric,Nameplate Illegible,,Illegible,,,,,,"120V, label not accessible.",,,,0,0,0,0,0,,,0,,,
